Date,Open,High,Low,Close,Volume,Symbol
2017-01-02,138.39,143.03,137.0,140.0,65320446,NFLX
2017-01-03,140.71,142.22,137.1,140.16,23466854,NFLX
2017-01-04,144.33,145.62,140.24,142.75,7486856,NFLX
2017-01-05,148.35,150.12,145.15,148.14,17613202,NFLX
2017-01-06,149.54,152.42,147.52,147.99,12583663,NFLX
2017-01-09,146.24,148.43,145.26,147.83,4208957,NFLX
2017-01-10,153.3,154.47,151.95,153.59,9232302,NFLX
2017-01-11,155.92,160.56,153.15,156.83,20918982,NFLX
2017-01-12,156.7,157.52,152.63,155.84,12165252,NFLX
2017-01-13,160.17,162.51,157.26,158.34,20301874,NFLX
2017-01-16,156.44,159.71,154.31,157.36,18230965,NFLX
2017-01-17,156.96,158.96,153.32,156.38,19780412,NFLX
2017-01-18,156.7,160.44,155.1,157.84,12938256,NFLX
2017-01-19,152.04,153.04,148.16,151.81,23435135,NFLX
2017-01-20,146.5,148.72,143.99,146.63,18954649,NFLX
2017-01-23,147.04,148.5,143.39,145.39,9105661,NFLX
2017-01-24,143.09,145.51,139.66,142.72,10142727,NFLX
2017-01-25,143.75,144.91,143.56,144.27,19163772,NFLX
2017-01-26,140.64,144.04,137.83,141.95,15067196,NFLX
2017-01-27,136.93,138.83,133.93,138.08,5603680,NFLX
2017-01-30,142.15,144.19,139.29,143.09,14055901,NFLX
2017-01-31,142.08,143.83,141.15,142.93,20636027,NFLX
2017-02-01,144.91,145.69,141.58,143.7,23841553,NFLX
2017-02-02,139.95,142.86,138.14,139.74,16747562,NFLX
2017-02-03,138.68,139.77,135.21,138.6,19181752,NFLX
2017-02-06,138.18,142.72,134.84,139.47,14053257,NFLX
2017-02-07,137.64,140.99,134.51,136.46,6636119,NFLX
2017-02-08,138.86,140.9,137.37,138.12,23334211,NFLX
2017-02-09,135.39,137.42,134.89,136.81,4667108,NFLX
2017-02-10,137.13,138.5,133.33,136.45,5853507,NFLX
2017-02-13,135.3,138.02,133.52,135.16,19450961,NFLX
2017-02-14,139.78,142.58,139.35,141.19,19105466,NFLX
2017-02-15,141.54,142.12,139.32,141.68,21931543,NFLX
2017-02-16,138.86,140.9,138.15,138.91,7070081,NFLX
2017-02-17,140.81,144.97,137.74,141.95,12538735,NFLX
2017-02-20,140.14,142.95,138.3,138.65,19614866,NFLX
2017-02-21,140.98,141.71,138.83,139.81,6917000,NFLX
2017-02-22,134.82,137.13,133.95,134.28,13603512,NFLX
2017-02-23,130.72,131.66,129.57,130.84,11173542,NFLX
2017-02-24,131.61,132.71,129.46,131.89,5350716,NFLX
2017-02-27,135.01,137.97,134.19,134.52,15876169,NFLX
2017-02-28,135.67,136.62,133.03,135.52,13208064,NFLX
2017-03-01,134.24,136.66,131.96,135.67,21041224,NFLX
2017-03-02,135.3,135.44,134.16,135.26,19159419,NFLX
2017-03-03,132.3,135.2,130.47,131.34,5768654,NFLX
2017-03-06,129.6,132.32,129.25,129.73,10061944,NFLX
2017-03-07,127.49,130.94,124.93,128.87,23653561,NFLX
2017-03-08,133.25,135.79,131.57,132.34,16708181,NFLX
2017-03-09,132.86,134.44,131.9,133.82,14569471,NFLX
2017-03-10,128.34,130.64,125.33,129.09,9057174,NFLX
2017-03-13,129.43,131.71,127.39,130.48,5233414,NFLX
2017-03-14,129.3,130.25,126.95,129.83,13031671,NFLX
2017-03-15,129.14,130.78,126.08,128.35,9134678,NFLX
2017-03-16,130.6,133.61,130.35,130.54,11392939,NFLX
2017-03-17,133.02,134.23,131.74,133.97,21343192,NFLX
2017-03-20,138.43,139.54,136.12,137.19,18911898,NFLX
2017-03-21,136.36,137.17,134.92,135.13,6976808,NFLX
2017-03-22,135.87,136.79,132.53,134.68,11601462,NFLX
2017-03-23,135.28,139.23,134.5,136.13,7744353,NFLX
2017-03-24,139.37,141.24,137.34,139.53,21330632,NFLX
2017-03-27,140.15,141.86,137.97,138.54,5956156,NFLX
2017-03-28,139.35,142.04,135.59,138.45,22058912,NFLX
2017-03-29,134.01,136.18,133.71,135.55,18030066,NFLX
2017-03-30,131.05,134.11,128.46,132.43,16983249,NFLX
2017-03-31,135.14,136.79,132.82,135.26,3004677,NFLX
2017-04-03,141.14,143.3,138.81,139.77,11593188,NFLX
2017-04-04,140.15,143.65,137.84,140.02,19907550,NFLX
2017-04-05,143.59,146.39,142.1,143.6,19202721,NFLX
2017-04-06,143.85,146.76,141.79,145.23,19224424,NFLX
2017-04-07,144.19,147.2,142.62,143.65,24335101,NFLX
2017-04-10,146.4,147.15,142.44,145.28,24939641,NFLX
2017-04-11,150.26,150.96,146.72,150.7,22286179,NFLX
2017-04-12,152.08,152.98,148.39,151.08,8827316,NFLX
2017-04-13,158.55,160.0,154.67,156.8,3558745,NFLX
2017-04-14,147.2,150.22,144.12,148.26,17884399,NFLX
2017-04-17,151.52,153.91,148.94,151.44,18146580,NFLX
2017-04-18,151.45,155.71,149.12,152.23,15186651,NFLX
2017-04-19,152.79,154.82,148.14,151.73,11582851,NFLX
2017-04-20,152.82,154.81,150.86,152.53,17143933,NFLX
2017-04-21,146.82,147.14,145.79,146.34,15840143,NFLX
2017-04-24,147.16,147.43,142.99,146.11,5870741,NFLX
2017-04-25,147.37,149.84,145.8,147.74,10910091,NFLX
2017-04-26,154.56,156.34,151.66,153.04,3617423,NFLX
2017-04-27,151.91,155.12,149.52,151.79,11979250,NFLX
2017-04-28,148.34,150.3,147.13,149.57,5865893,NFLX
2017-05-01,149.09,149.33,146.15,148.4,13391977,NFLX
2017-05-02,152.94,154.74,149.91,151.87,4250844,NFLX
2017-05-03,152.79,154.49,148.99,153.46,3916094,NFLX
2017-05-04,153.46,153.8,150.88,152.16,24066577,NFLX
2017-05-05,155.87,158.74,152.96,154.37,12475593,NFLX
2017-05-08,154.36,155.76,150.64,155.19,3246889,NFLX
2017-05-09,160.84,163.35,156.43,159.0,17829521,NFLX
2017-05-10,155.69,158.26,155.45,157.04,21242304,NFLX
2017-05-11,155.28,157.21,152.97,156.4,16458496,NFLX
2017-05-12,154.36,157.11,152.36,155.54,17756739,NFLX
2017-05-15,152.44,155.52,150.53,151.01,7184251,NFLX
2017-05-16,153.03,154.63,151.28,152.47,14500860,NFLX
2017-05-17,152.54,156.75,150.86,153.82,9838163,NFLX
2017-05-18,154.1,154.94,153.2,154.32,24052758,NFLX
2017-05-19,154.43,157.45,153.35,154.0,8236840,NFLX
2017-05-22,148.17,150.67,146.09,149.67,18954465,NFLX
2017-05-23,150.11,152.7,146.72,148.75,4743227,NFLX
2017-05-24,149.16,151.33,145.75,148.08,13760301,NFLX
2017-05-25,145.93,149.33,145.65,145.92,10660064,NFLX
2017-05-26,147.48,149.0,144.64,145.84,18763809,NFLX
2017-05-29,147.3,147.97,143.91,147.59,20363686,NFLX
2017-05-30,155.98,156.2,153.52,154.18,23751625,NFLX
2017-05-31,155.87,159.12,153.16,155.25,3177216,NFLX
2017-06-01,157.11,159.24,152.95,156.6,24426508,NFLX
2017-06-02,155.56,159.9,153.73,156.82,21953728,NFLX
2017-06-05,152.04,153.05,148.4,150.66,6683460,NFLX
2017-06-06,150.76,152.43,150.17,151.02,11512270,NFLX
2017-06-07,150.45,151.94,147.43,151.68,21595568,NFLX
2017-06-08,158.5,164.24,157.68,160.38,23021787,NFLX
2017-06-09,160.41,163.14,158.32,160.18,5894558,NFLX
2017-06-12,161.83,165.62,157.89,161.72,4480175,NFLX
2017-06-13,162.93,164.14,161.81,162.08,4829484,NFLX
2017-06-14,159.87,162.37,156.37,158.39,21444906,NFLX
2017-06-15,161.2,165.66,158.3,162.85,17515568,NFLX
2017-06-16,166.95,168.39,163.75,166.03,24196641,NFLX
2017-06-19,168.15,173.04,167.41,169.42,13357644,NFLX
2017-06-20,167.95,171.94,163.58,166.52,10217037,NFLX
2017-06-21,173.48,177.34,168.65,172.16,8017226,NFLX
2017-06-22,167.51,170.65,163.68,167.34,15300059,NFLX
2017-06-23,170.86,172.17,166.97,170.0,5746153,NFLX
2017-06-26,177.91,180.1,176.8,178.71,17657634,NFLX
2017-06-27,175.21,179.56,172.81,175.33,57845534,NFLX
2017-06-28,174.99,175.2,170.25,173.65,18304826,NFLX
2017-06-29,174.36,177.71,170.7,174.53,15098334,NFLX
2017-06-30,172.51,176.21,169.57,173.1,24902830,NFLX
2017-07-03,167.65,170.35,167.24,167.68,23560328,NFLX
2017-07-04,169.74,173.94,165.59,168.41,22083785,NFLX
2017-07-05,164.3,166.35,164.09,164.95,19988679,NFLX
2017-07-06,165.84,168.68,163.62,167.15,13056396,NFLX
2017-07-07,165.07,165.55,160.84,164.24,20045818,NFLX
2017-07-10,171.65,173.65,169.7,170.32,5394820,NFLX
2017-07-11,166.25,169.08,163.93,167.86,24514128,NFLX
2017-07-12,166.1,168.69,164.78,167.15,13579914,NFLX
2017-07-13,169.15,174.21,168.92,170.62,15235311,NFLX
2017-07-14,165.86,170.37,161.91,166.47,5507720,NFLX
2017-07-17,167.57,168.69,163.77,167.77,6742849,NFLX
2017-07-18,174.12,175.85,171.75,173.08,3114560,NFLX
2017-07-19,168.04,171.95,164.38,167.43,8115011,NFLX
2017-07-20,169.07,169.49,165.11,168.58,21127203,NFLX
2017-07-21,169.42,170.57,165.34,170.02,15096565,NFLX
2017-07-24,174.85,175.71,169.18,173.43,3549656,NFLX
2017-07-25,169.06,171.76,167.98,169.18,19592258,NFLX
2017-07-26,166.62,167.38,161.14,164.72,23358101,NFLX
2017-07-27,167.61,171.67,164.77,167.07,17077387,NFLX
2017-07-28,167.12,170.61,165.37,168.63,23180425,NFLX
2017-07-31,170.75,172.97,167.53,170.03,13486561,NFLX
2017-08-01,171.07,172.98,166.91,171.8,22773001,NFLX
2017-08-02,170.45,172.55,168.64,169.69,23757341,NFLX
2017-08-03,169.26,173.91,165.07,171.02,21603845,NFLX
2017-08-04,171.25,175.88,170.1,172.6,11289985,NFLX
2017-08-07,171.8,175.08,169.74,170.35,11480287,NFLX
2017-08-08,176.66,180.47,174.08,177.82,14166825,NFLX
2017-08-09,181.62,185.75,177.98,180.16,21116299,NFLX
2017-08-10,174.99,179.55,172.62,175.92,8404672,NFLX
2017-08-11,179.56,183.0,176.14,178.94,6703367,NFLX
2017-08-14,176.4,176.81,174.93,175.58,10975343,NFLX
2017-08-15,179.16,179.36,178.47,179.1,8934385,NFLX
2017-08-16,183.3,185.28,180.19,184.16,16195148,NFLX
2017-08-17,180.07,184.39,178.23,181.32,23667918,NFLX
2017-08-18,183.58,187.68,183.07,185.66,18947828,NFLX
2017-08-21,186.96,189.85,186.6,187.84,15377003,NFLX
2017-08-22,192.45,196.73,189.3,191.75,22151367,NFLX
2017-08-23,202.39,206.94,197.45,200.28,19954692,NFLX
2017-08-24,201.51,206.11,196.07,199.73,4199217,NFLX
2017-08-25,198.19,199.89,196.55,196.94,22453093,NFLX
2017-08-28,194.94,198.36,189.42,193.6,11306042,NFLX
2017-08-29,191.38,192.82,188.51,190.62,16507188,NFLX
2017-08-30,189.7,191.86,186.25,190.8,5949908,NFLX
2017-08-31,194.62,195.68,189.21,192.74,15402488,NFLX
2017-09-01,195.22,197.01,191.45,194.42,4931441,NFLX
2017-09-04,198.76,201.01,198.27,198.47,20042249,NFLX
2017-09-05,197.19,203.22,192.52,199.05,16116769,NFLX
2017-09-06,205.69,206.75,203.4,205.95,16716680,NFLX
2017-09-07,205.09,209.11,200.37,205.28,15313453,NFLX
2017-09-08,220.04,223.06,213.48,218.13,9499998,NFLX
2017-09-11,221.95,223.71,218.5,221.7,12545257,NFLX
2017-09-12,217.46,220.88,214.69,218.08,18199299,NFLX
2017-09-13,215.94,217.71,209.49,213.5,15090693,NFLX
2017-09-14,214.3,219.63,210.57,216.32,9111053,NFLX
2017-09-15,215.41,218.27,210.47,215.81,18100611,NFLX
2017-09-18,217.34,220.85,213.49,219.76,3842329,NFLX
2017-09-19,223.9,224.75,222.21,222.62,12582190,NFLX
2017-09-20,225.06,228.24,222.31,222.83,10743343,NFLX
2017-09-21,218.08,224.2,214.38,219.23,17116198,NFLX
2017-09-22,214.3,216.28,210.07,212.47,44084029,NFLX
2017-09-25,209.86,214.84,209.2,210.92,12980178,NFLX
2017-09-26,217.56,221.21,210.08,215.43,3174588,NFLX
2017-09-27,218.32,223.42,215.79,217.0,6773618,NFLX
2017-09-28,213.13,217.54,211.11,211.58,19218864,NFLX
2017-09-29,210.46,216.03,205.66,212.92,4530332,NFLX
2017-10-02,217.66,221.31,210.72,215.27,15707658,NFLX
2017-10-03,212.76,217.56,211.2,211.61,7739023,NFLX
2017-10-04,211.86,215.11,209.3,212.86,10527837,NFLX
2017-10-05,215.35,217.26,208.4,213.67,17330983,NFLX
2017-10-06,207.72,209.08,203.81,208.81,20810506,NFLX
2017-10-09,212.87,217.3,207.99,210.98,7625535,NFLX
2017-10-10,212.12,218.44,210.35,214.11,16338310,NFLX
2017-10-11,220.83,221.61,218.13,219.76,9847129,NFLX
2017-10-12,225.63,228.98,225.16,225.41,14835157,NFLX
2017-10-13,217.0,221.78,213.07,219.12,22935762,NFLX
2017-10-16,213.8,215.96,211.21,215.13,11870046,NFLX
2017-10-17,215.55,223.45,212.92,218.1,7768424,NFLX
2017-10-18,220.94,222.47,217.57,221.11,21035758,NFLX
2017-10-19,223.09,224.75,218.42,224.16,12509388,NFLX
2017-10-20,244.32,248.06,243.37,243.75,13531544,NFLX
2017-10-23,246.21,252.05,245.1,247.41,10349953,NFLX
2017-10-24,252.99,254.66,249.69,254.21,19547400,NFLX
2017-10-25,261.69,266.09,257.44,260.18,23849307,NFLX
2017-10-26,261.68,268.19,256.56,264.54,16196706,NFLX
2017-10-27,265.89,266.82,260.2,263.35,23571084,NFLX
2017-10-30,270.66,272.05,266.16,268.39,15085332,NFLX
2017-10-31,265.53,269.42,261.12,264.47,4591711,NFLX
2017-11-01,264.31,266.46,263.4,263.72,21406069,NFLX
2017-11-02,264.0,270.21,258.84,261.54,5058721,NFLX
2017-11-03,260.65,268.06,256.46,262.64,21737607,NFLX
2017-11-06,273.87,283.48,272.1,276.67,18733562,NFLX
2017-11-07,264.28,267.87,258.75,265.94,24434664,NFLX
2017-11-08,272.51,279.13,266.33,270.6,10392367,NFLX
2017-11-09,258.7,264.59,254.39,261.63,7076773,NFLX
2017-11-10,260.04,262.47,255.73,259.53,18486047,NFLX
2017-11-13,269.54,270.14,264.71,266.37,8393333,NFLX
2017-11-14,269.67,270.28,263.8,267.38,16482663,NFLX
2017-11-15,261.8,266.41,260.11,261.66,7512121,NFLX
2017-11-16,255.45,261.25,252.6,258.15,9908008,NFLX
2017-11-17,264.72,266.42,258.22,262.63,11447680,NFLX
2017-11-20,259.64,263.72,257.58,259.02,14864040,NFLX
2017-11-21,258.46,262.71,253.47,260.87,23660553,NFLX
2017-11-22,259.19,265.63,254.11,261.74,8900726,NFLX
2017-11-23,261.14,263.65,255.26,258.59,21941059,NFLX
2017-11-24,272.52,278.18,266.33,271.42,22539810,NFLX
2017-11-27,278.03,283.78,269.01,275.85,15423549,NFLX
2017-11-28,266.58,269.9,261.68,264.18,23978606,NFLX
2017-11-29,266.33,268.84,262.49,265.88,11778570,NFLX
2017-11-30,262.72,265.27,258.86,262.61,19092709,NFLX
2017-12-01,267.71,273.61,267.23,268.16,23255115,NFLX
2017-12-04,262.93,266.44,259.96,264.09,7131279,NFLX
2017-12-05,263.62,265.62,262.49,264.03,12331137,NFLX
2017-12-06,269.34,270.16,261.79,267.58,16346122,NFLX
2017-12-07,273.97,277.32,270.21,273.31,15328616,NFLX
2017-12-08,269.21,272.6,265.59,266.7,12975746,NFLX
2017-12-11,264.99,270.97,262.07,265.35,5086172,NFLX
2017-12-12,263.85,265.52,261.13,263.18,4365265,NFLX
2017-12-13,260.81,263.45,255.81,259.99,6242222,NFLX
2017-12-14,271.29,276.83,264.53,270.7,12710622,NFLX
2017-12-15,275.06,280.78,269.9,273.73,11677177,NFLX
2017-12-18,265.07,269.48,260.95,266.75,18703721,NFLX
2017-12-19,272.83,276.11,271.61,272.75,23033721,NFLX
2017-12-20,283.41,288.5,277.98,286.13,121222089,NFLX
2017-12-21,292.47,300.14,291.95,293.29,16545406,NFLX
2017-12-22,284.04,285.22,283.47,284.13,6776764,NFLX
2017-12-25,282.76,289.38,276.36,281.73,21292754,NFLX
2017-12-26,293.37,298.48,285.4,290.24,19635015,NFLX
2017-12-27,287.05,291.0,285.36,286.36,14788510,NFLX
2017-12-28,291.5,292.02,289.28,289.8,24626882,NFLX
2017-12-29,295.45,299.11,291.16,295.4,23176834,NFLX
2018-01-01,290.96,294.1,285.01,290.03,23181845,NFLX
2018-01-02,287.3,291.71,283.75,290.29,21970064,NFLX
2018-01-03,268.61,274.73,266.33,270.2,5773219,NFLX
2018-01-04,263.82,271.13,258.96,264.7,24642128,NFLX
2018-01-05,263.64,267.64,261.71,263.81,21421389,NFLX
2018-01-08,254.34,261.81,248.3,257.14,12357832,NFLX
2018-01-09,264.66,267.67,258.35,266.96,24038941,NFLX
2018-01-10,257.75,262.0,253.7,259.14,11625044,NFLX
2018-01-11,260.11,261.09,252.95,257.2,8545636,NFLX
2018-01-12,257.46,262.57,252.97,258.5,18161311,NFLX
2018-01-15,267.17,273.57,263.64,267.29,21991394,NFLX
2018-01-16,257.52,263.79,253.07,259.41,3074804,NFLX
2018-01-17,267.34,268.1,261.2,266.63,15045998,NFLX
2018-01-18,265.87,269.82,261.2,267.28,22754093,NFLX
2018-01-19,260.23,265.8,259.82,262.08,6789514,NFLX
2018-01-22,265.42,268.26,261.3,265.32,24734323,NFLX
2018-01-23,263.89,272.67,260.11,267.06,21750087,NFLX
2018-01-24,260.99,269.54,258.07,264.11,4940483,NFLX
2018-01-25,263.3,269.25,262.93,265.09,22689114,NFLX
2018-01-26,260.48,266.04,255.48,263.41,23286379,NFLX
2018-01-29,262.15,266.53,259.88,264.64,9825711,NFLX
2018-01-30,268.03,270.03,265.94,269.07,4261402,NFLX
2018-01-31,281.09,283.76,276.15,279.06,17553939,NFLX
2018-02-01,272.52,275.49,265.82,272.05,15229115,NFLX
2018-02-02,285.51,290.43,282.92,285.42,13967690,NFLX
2018-02-05,272.4,278.35,266.01,273.75,5126028,NFLX
2018-02-06,276.26,277.0,270.5,273.43,22762248,NFLX
2018-02-07,276.87,280.47,274.86,277.56,6077195,NFLX
2018-02-08,277.09,281.37,271.57,279.87,5326344,NFLX
2018-02-09,277.4,278.72,275.3,276.62,14845708,NFLX
2018-02-12,273.39,281.7,266.75,275.94,16886255,NFLX
2018-02-13,272.52,274.08,271.22,273.53,13738073,NFLX
2018-02-14,270.61,273.6,266.78,270.56,4076837,NFLX
2018-02-15,278.68,280.08,270.74,276.2,19226854,NFLX
2018-02-16,278.91,285.12,272.84,278.96,14488057,NFLX
2018-02-19,276.62,280.6,274.7,275.29,19125202,NFLX
2018-02-20,284.65,286.52,274.78,281.33,12926354,NFLX
2018-02-21,281.31,287.53,275.62,283.82,4629040,NFLX
2018-02-22,287.94,294.88,283.14,289.5,13628172,NFLX
2018-02-23,293.39,301.19,290.42,294.13,23440505,NFLX
2018-02-26,288.83,291.19,285.39,289.37,5916596,NFLX
2018-02-27,285.79,292.78,279.51,286.41,7127436,NFLX
2018-02-28,294.58,301.48,286.46,291.72,7866940,NFLX
2018-03-01,297.78,304.62,290.55,296.25,23239727,NFLX
2018-03-02,297.5,302.34,290.84,296.74,3384083,NFLX
2018-03-05,296.76,302.92,292.27,298.12,11920206,NFLX
2018-03-06,309.52,312.83,304.65,307.13,19419167,NFLX
2018-03-07,307.08,312.94,297.76,303.77,8607968,NFLX
2018-03-08,310.43,314.7,303.07,308.06,18850653,NFLX
2018-03-09,303.65,312.63,298.9,307.32,12054860,NFLX
2018-03-12,307.49,310.96,306.0,306.48,22828014,NFLX
2018-03-13,311.15,320.37,310.5,314.54,22313263,NFLX
2018-03-14,319.04,327.58,317.19,320.91,9464143,NFLX
2018-03-15,449.22,456.07,440.6,454.02,14712961,NFLX
2018-03-16,468.81,478.65,456.72,467.65,6254992,NFLX
2018-03-19,470.55,477.13,460.31,468.46,63744306,NFLX
2018-03-20,471.68,486.21,462.91,476.08,12084970,NFLX
2018-03-21,472.11,478.81,466.04,473.43,9269191,NFLX
2018-03-22,476.91,482.23,473.89,477.41,23312659,NFLX
2018-03-23,475.15,487.59,473.06,476.64,4932303,NFLX
2018-03-26,473.91,481.62,471.67,478.26,5751821,NFLX
2018-03-27,484.19,495.45,476.26,485.13,10314895,NFLX
2018-03-28,479.88,485.93,472.95,477.0,19107696,NFLX
2018-03-29,494.44,506.25,485.79,499.58,3426941,NFLX
2018-03-30,484.21,493.25,472.82,489.14,15262378,NFLX
2018-04-02,475.02,483.71,471.14,476.68,7850224,NFLX
2018-04-03,494.62,498.98,477.31,489.43,3386354,NFLX
2018-04-04,500.6,501.57,491.01,498.58,8506336,NFLX
2018-04-05,508.23,512.05,497.41,506.06,3935709,NFLX
2018-04-06,511.99,514.28,507.71,513.69,5485178,NFLX
2018-04-09,515.35,527.97,510.8,514.2,17560587,NFLX
2018-04-10,498.75,516.88,489.92,504.68,9379022,NFLX
2018-04-11,507.81,513.13,503.36,506.15,17963537,NFLX
2018-04-12,504.19,513.51,490.28,499.24,8477630,NFLX
2018-04-13,511.96,516.72,503.29,510.58,9288893,NFLX
2018-04-16,514.13,522.93,505.72,509.56,19328470,NFLX
2018-04-17,503.63,513.87,496.74,500.94,21862685,NFLX
2018-04-18,493.48,509.83,492.84,498.01,15054240,NFLX
2018-04-19,508.02,513.41,493.3,503.16,21123581,NFLX
2018-04-20,492.37,507.39,487.88,497.54,4136078,NFLX
2018-04-23,489.55,493.17,484.08,489.15,11875206,NFLX
2018-04-24,488.16,504.58,486.67,492.38,15932366,NFLX
2018-04-25,489.84,496.45,479.44,495.65,18536115,NFLX
2018-04-26,489.81,498.33,486.41,490.73,3533037,NFLX
2018-04-27,483.86,494.43,478.36,486.25,11602541,NFLX
2018-04-30,489.17,497.91,480.17,489.34,17828459,NFLX
2018-05-01,475.22,477.07,467.88,474.34,17637212,NFLX
2018-05-02,455.18,471.05,447.45,460.22,20204925,NFLX
2018-05-03,449.41,455.94,444.42,453.51,11644147,NFLX
2018-05-04,452.58,459.79,450.28,451.94,4750866,NFLX
2018-05-07,453.88,458.48,448.73,455.59,6777173,NFLX
2018-05-08,473.55,477.51,466.32,470.96,13190880,NFLX
2018-05-09,482.19,488.99,474.4,480.43,7847384,NFLX
2018-05-10,483.31,488.63,467.93,479.33,19431928,NFLX
2018-05-11,481.93,484.27,470.41,479.72,13339460,NFLX
2018-05-14,468.93,472.11,462.74,469.72,8234748,NFLX
2018-05-15,472.05,477.26,461.85,470.1,11400728,NFLX
2018-05-16,465.17,476.66,455.57,467.69,3624135,NFLX
2018-05-17,469.4,482.22,463.34,471.59,7817167,NFLX
2018-05-18,466.79,468.2,455.58,463.58,10731445,NFLX
2018-05-21,468.84,474.35,460.03,469.45,16127660,NFLX
2018-05-22,489.35,491.01,479.13,485.87,9830707,NFLX
2018-05-23,489.05,489.74,474.72,485.3,24523136,NFLX
2018-05-24,494.39,502.74,488.84,490.18,17528821,NFLX
2018-05-25,503.21,510.99,496.15,498.23,9923985,NFLX
2018-05-28,493.62,496.87,489.66,494.44,15774760,NFLX
2018-05-29,495.32,500.77,484.2,497.48,13740049,NFLX
2018-05-30,499.21,499.99,495.05,498.23,14313161,NFLX
2018-05-31,498.36,510.42,495.56,499.9,11032304,NFLX
2018-06-01,493.2,505.23,488.77,492.0,5266598,NFLX
2018-06-04,495.3,497.4,481.89,492.87,21553454,NFLX
2018-06-05,501.13,504.41,494.11,498.87,11451392,NFLX
2018-06-06,513.87,526.68,511.31,515.42,24904952,NFLX
2018-06-07,522.72,539.18,516.89,526.93,8897162,NFLX
2018-06-08,551.63,558.67,546.4,552.55,16403760,NFLX
2018-06-11,539.22,545.09,531.67,543.89,9508676,NFLX
2018-06-12,560.19,561.28,548.16,554.99,7910662,NFLX
2018-06-13,555.84,566.15,542.41,557.91,13848338,NFLX
2018-06-14,580.63,591.59,575.02,585.48,71631265,NFLX
2018-06-15,569.21,576.74,556.1,575.77,10776604,NFLX
2018-06-18,567.8,576.32,557.58,565.82,13129678,NFLX
2018-06-19,560.87,561.59,548.99,559.04,12897442,NFLX
2018-06-20,531.52,544.18,525.19,533.57,4035108,NFLX
2018-06-21,522.6,532.44,511.21,528.03,20255581,NFLX
2018-06-22,518.71,520.86,514.36,519.84,24933587,NFLX
2018-06-25,519.82,530.08,516.75,522.19,5074242,NFLX
2018-06-26,528.99,534.56,515.64,526.75,8232761,NFLX
2018-06-27,550.54,563.95,536.79,549.14,14604008,NFLX
2018-06-28,559.47,569.19,547.44,561.29,24900185,NFLX
2018-06-29,551.08,559.06,548.91,554.84,20271425,NFLX
2018-07-02,550.91,560.84,537.82,544.53,21311446,NFLX
2018-07-03,550.47,555.22,542.88,551.08,20629196,NFLX
2018-07-04,538.14,550.36,523.7,535.72,4766299,NFLX
2018-07-05,553.15,563.54,547.95,557.96,15856218,NFLX
2018-07-06,572.93,581.26,570.54,573.12,23797234,NFLX
2018-07-09,561.45,569.15,558.57,567.89,18277887,NFLX
2018-07-10,547.22,553.36,541.69,547.14,9886608,NFLX
2018-07-11,570.39,582.36,551.03,564.11,19387621,NFLX
2018-07-12,561.79,574.82,549.27,563.36,21439872,NFLX
2018-07-13,572.98,583.09,559.33,579.39,24671313,NFLX
2018-07-16,553.44,563.33,543.02,559.74,18461768,NFLX
2018-07-17,551.53,564.42,539.54,553.02,12623207,NFLX
2018-07-18,549.22,566.66,538.92,553.74,17499638,NFLX
2018-07-19,548.62,556.8,539.98,554.97,7956780,NFLX
2018-07-20,553.51,560.04,548.83,550.13,7323242,NFLX
2018-07-23,557.77,563.41,552.0,558.33,5871712,NFLX
2018-07-24,543.1,557.82,540.41,545.87,15505751,NFLX
2018-07-25,550.03,551.69,540.47,544.8,19280995,NFLX
2018-07-26,541.85,550.21,529.77,546.89,9903538,NFLX
2018-07-27,559.79,570.46,549.67,553.73,14366015,NFLX
2018-07-30,560.55,564.32,550.24,563.07,20632872,NFLX
2018-07-31,554.91,562.03,544.48,549.79,16049353,NFLX
2018-08-01,533.18,539.37,522.92,531.87,9817123,NFLX
2018-08-02,551.75,556.73,546.88,547.46,17264317,NFLX
2018-08-03,558.53,564.37,541.8,552.11,6566568,NFLX
2018-08-06,540.9,551.12,531.0,543.66,7679020,NFLX
2018-08-07,569.1,571.88,561.38,562.87,4792363,NFLX
2018-08-08,563.47,573.29,549.72,564.97,20416138,NFLX
2018-08-09,578.71,592.11,573.92,580.31,3777867,NFLX
2018-08-10,579.63,593.05,575.22,581.85,15449469,NFLX
2018-08-13,609.55,612.41,605.94,608.94,22843677,NFLX
2018-08-14,627.94,636.09,626.92,633.19,17259691,NFLX
2018-08-15,631.28,635.97,629.47,630.47,18414846,NFLX
2018-08-16,645.34,651.58,629.59,644.69,4702424,NFLX
2018-08-17,658.73,665.84,651.16,654.61,14690251,NFLX
2018-08-20,680.51,692.29,668.7,675.11,23952468,NFLX
2018-08-21,660.61,663.12,654.36,661.55,20962776,NFLX
2018-08-22,669.13,673.55,654.47,672.32,13149576,NFLX
2018-08-23,684.8,695.95,678.37,688.78,12334909,NFLX
2018-08-24,658.05,674.67,657.12,662.91,16244721,NFLX
2018-08-27,639.55,650.06,637.56,646.41,15715709,NFLX
2018-08-28,615.81,628.28,606.9,618.14,3867838,NFLX
2018-08-29,611.81,619.65,597.1,615.2,4057880,NFLX
2018-08-30,632.64,646.73,615.44,625.64,6087714,NFLX
2018-08-31,647.96,662.53,643.72,647.06,15708467,NFLX
2018-09-03,646.49,654.15,641.22,648.87,19135519,NFLX
2018-09-04,674.2,678.59,663.49,672.9,23255408,NFLX
2018-09-05,647.57,660.33,632.24,653.23,11856832,NFLX
2018-09-06,628.64,633.75,619.37,629.49,14519184,NFLX
2018-09-07,631.36,642.18,620.8,629.45,14628824,NFLX
2018-09-10,635.34,648.74,633.61,635.51,12695674,NFLX
2018-09-11,634.29,646.69,628.19,635.79,55748556,NFLX
2018-09-12,614.78,627.56,596.94,607.58,8600068,NFLX
2018-09-13,612.63,619.08,599.57,607.09,19396676,NFLX
2018-09-14,592.11,594.92,576.53,590.36,3785890,NFLX
2018-09-17,600.74,611.99,598.75,599.75,14226717,NFLX
2018-09-18,607.03,612.89,595.38,605.28,13992049,NFLX
2018-09-19,589.2,603.61,581.23,593.45,24584015,NFLX
2018-09-20,585.95,591.83,576.3,587.43,11586625,NFLX
2018-09-21,568.06,576.1,563.16,574.4,23520973,NFLX
2018-09-24,573.94,588.53,568.71,574.27,8259245,NFLX
2018-09-25,587.62,590.41,582.42,587.01,8046528,NFLX
2018-09-26,571.19,589.16,560.59,574.95,22646137,NFLX
2018-09-27,588.47,602.87,571.85,581.99,22780441,NFLX
2018-09-28,581.53,593.19,563.2,575.87,13718126,NFLX
2018-10-01,569.5,579.08,561.23,566.48,24811469,NFLX
2018-10-02,566.25,574.67,552.19,565.79,7228316,NFLX
2018-10-03,558.46,570.63,547.65,553.55,23355694,NFLX
2018-10-04,542.58,551.78,540.34,547.43,11072590,NFLX
2018-10-05,537.34,543.91,531.69,533.62,16090642,NFLX
2018-10-08,552.3,566.16,544.45,557.32,3454529,NFLX
2018-10-09,562.33,568.45,550.59,558.39,14249737,NFLX
2018-10-10,547.47,556.63,534.79,550.43,16896034,NFLX
2018-10-11,558.66,563.65,548.72,553.65,14809755,NFLX
2018-10-12,558.81,566.93,549.99,552.92,19412182,NFLX
2018-10-15,546.21,562.65,535.77,550.86,21088845,NFLX
2018-10-16,558.43,562.2,550.12,558.94,20677758,NFLX
2018-10-17,575.46,588.94,566.13,568.9,14600244,NFLX
2018-10-18,562.68,572.77,560.45,562.9,18855977,NFLX
2018-10-19,561.26,572.91,545.74,556.41,6954780,NFLX
2018-10-22,554.85,562.81,547.14,553.67,15617024,NFLX
2018-10-23,524.66,536.61,513.97,526.24,18409475,NFLX
2018-10-24,506.66,509.99,495.23,509.28,18731071,NFLX
2018-10-25,521.45,536.03,519.81,525.19,22722975,NFLX
2018-10-26,548.23,549.31,541.91,544.81,11683376,NFLX
2018-10-29,540.96,554.57,537.3,542.44,6352921,NFLX
2018-10-30,550.09,563.74,536.84,549.94,19838480,NFLX
2018-10-31,554.23,558.8,551.6,554.33,8094502,NFLX
2018-11-01,593.64,597.23,583.96,592.54,5459507,NFLX
2018-11-02,613.15,625.03,597.62,607.82,16226702,NFLX
2018-11-05,613.8,618.14,599.58,606.8,6452097,NFLX
2018-11-06,593.4,607.67,579.86,594.72,10292306,NFLX
2018-11-07,578.87,580.88,570.42,574.35,14739799,NFLX
2018-11-08,581.24,583.58,571.21,577.58,20995500,NFLX
2018-11-09,569.61,583.57,556.94,568.61,6080202,NFLX
2018-11-12,557.48,567.05,540.15,551.45,9002874,NFLX
2018-11-13,540.31,555.82,529.19,544.22,10518933,NFLX
2018-11-14,526.88,536.54,514.43,531.87,13336666,NFLX
2018-11-15,556.92,566.52,546.21,552.23,24466043,NFLX
2018-11-16,562.75,572.17,560.03,563.57,8792819,NFLX
2018-11-19,568.8,577.61,550.24,564.11,10642139,NFLX
2018-11-20,588.62,598.85,569.23,583.12,12030672,NFLX
2018-11-21,578.63,593.43,572.12,584.77,20642846,NFLX
2018-11-22,579.62,586.17,571.28,574.34,24102217,NFLX
2018-11-23,593.51,598.77,583.32,594.25,13374108,NFLX
2018-11-26,602.11,613.82,591.97,601.96,22750097,NFLX
2018-11-27,590.68,594.48,582.6,588.89,12698597,NFLX
2018-11-28,593.09,603.54,576.27,587.08,11557286,NFLX
2018-11-29,569.77,580.23,555.89,576.42,8811303,NFLX
2018-11-30,559.21,568.47,555.09,559.52,8279947,NFLX
2018-12-03,574.13,585.0,565.85,571.55,20077622,NFLX
2018-12-04,599.41,603.15,589.63,596.22,20295177,NFLX
2018-12-05,581.2,582.62,574.36,578.53,18936565,NFLX
2018-12-06,581.2,588.78,576.09,586.35,19573715,NFLX
2018-12-07,575.82,587.59,564.27,578.6,16480011,NFLX
2018-12-10,571.1,585.3,561.65,573.04,22289118,NFLX
2018-12-11,570.34,571.53,553.76,566.21,10169158,NFLX
2018-12-12,553.11,566.42,541.01,556.07,23417593,NFLX
2018-12-13,553.41,562.4,548.56,557.28,3163944,NFLX
2018-12-14,553.72,560.63,545.3,547.7,13984713,NFLX
2018-12-17,545.07,564.42,544.04,551.57,22799561,NFLX
2018-12-18,558.17,563.17,546.11,551.58,5969852,NFLX
2018-12-19,551.62,558.33,537.98,549.29,10950630,NFLX
2018-12-20,543.17,543.89,526.82,538.92,9800541,NFLX
2018-12-21,530.05,534.25,527.14,532.68,7756004,NFLX
2018-12-24,535.81,546.03,529.85,542.13,21135670,NFLX
2018-12-25,551.84,552.76,543.13,548.71,18182914,NFLX
2018-12-26,541.81,550.57,534.15,537.5,10689969,NFLX
2018-12-27,542.39,548.48,534.9,539.27,6871018,NFLX
2018-12-28,544.09,556.56,541.38,548.79,19223694,NFLX
2018-12-31,532.45,535.21,516.71,529.23,12459412,NFLX
2019-01-01,539.6,543.98,532.36,536.14,9412083,NFLX
2019-01-02,530.93,539.92,526.49,528.91,10875639,NFLX
2019-01-03,539.57,552.61,526.42,536.14,17301576,NFLX
2019-01-04,532.11,533.28,522.64,527.73,15824294,NFLX
2019-01-07,508.72,520.1,498.48,507.34,24787497,NFLX
2019-01-08,484.88,496.98,483.91,489.71,9807643,NFLX
2019-01-09,490.63,497.91,478.75,490.77,19727830,NFLX
2019-01-10,489.11,500.55,483.69,494.12,8210558,NFLX
2019-01-11,483.75,486.12,473.59,484.82,14966251,NFLX
2019-01-14,491.08,493.73,487.19,492.17,16012949,NFLX
2019-01-15,469.77,482.03,460.0,474.71,22167127,NFLX
2019-01-16,472.82,478.9,463.67,474.54,19208313,NFLX
2019-01-17,458.09,473.05,452.07,462.41,21503897,NFLX
2019-01-18,459.65,464.6,454.89,456.28,3117408,NFLX
2019-01-21,462.17,464.22,448.15,457.26,3636431,NFLX
2019-01-22,444.48,457.25,434.91,449.09,23212720,NFLX
2019-01-23,450.65,454.28,442.76,445.78,12187896,NFLX
2019-01-24,456.4,462.61,450.22,456.15,21013757,NFLX
2019-01-25,448.68,458.85,447.29,450.85,5036721,NFLX
2019-01-28,454.97,470.03,445.2,459.64,13029521,NFLX
2019-01-29,448.72,457.7,444.45,448.71,9087494,NFLX
2019-01-30,457.65,465.53,445.61,454.43,18933469,NFLX
2019-01-31,471.69,479.85,459.39,469.35,11879391,NFLX
2019-02-01,439.53,454.86,435.75,444.32,24813333,NFLX
2019-02-04,432.53,440.55,427.88,437.01,20884393,NFLX
2019-02-05,442.01,443.5,438.97,443.04,18874794,NFLX
2019-02-06,439.37,444.87,431.65,441.54,12175404,NFLX
2019-02-07,442.77,448.41,436.46,445.63,8408520,NFLX
2019-02-08,437.88,447.62,431.19,440.19,24436230,NFLX
2019-02-11,444.72,451.93,440.9,441.51,11070024,NFLX
2019-02-12,445.01,451.79,432.55,440.47,8512460,NFLX
2019-02-13,451.25,452.91,443.16,452.28,6494585,NFLX
2019-02-14,459.74,468.24,447.79,455.3,4992834,NFLX
2019-02-15,457.21,463.2,451.98,459.18,15512020,NFLX
2019-02-18,455.26,463.24,446.63,455.51,8306175,NFLX
2019-02-19,448.15,457.59,446.79,451.12,8648734,NFLX
2019-02-20,448.82,452.96,438.98,447.31,19774623,NFLX
2019-02-21,456.87,458.8,450.1,451.68,8194914,NFLX
2019-02-22,449.09,450.56,437.89,447.98,7716302,NFLX
2019-02-25,449.78,460.78,445.62,451.32,19379767,NFLX
2019-02-26,474.11,485.03,470.9,472.43,5473055,NFLX
2019-02-27,477.64,490.0,467.63,482.0,4327877,NFLX
2019-02-28,483.53,485.22,478.22,479.06,5687328,NFLX
2019-03-01,492.29,497.53,485.29,492.25,9478623,NFLX
2019-03-04,487.76,497.39,486.64,488.36,21677171,NFLX
2019-03-05,467.93,477.16,462.88,466.97,13294496,NFLX
2019-03-06,458.48,460.24,448.99,457.11,66281748,NFLX
2019-03-07,434.26,439.21,425.37,438.77,9132446,NFLX
2019-03-08,437.76,445.68,428.13,435.85,3672225,NFLX
2019-03-11,433.79,440.66,423.91,436.49,23287679,NFLX
2019-03-12,455.4,458.64,443.31,453.07,13512973,NFLX
2019-03-13,460.36,460.96,446.55,456.82,6070610,NFLX
2019-03-14,458.43,464.83,448.35,455.11,14591786,NFLX
2019-03-15,464.49,474.44,461.16,463.9,6732238,NFLX
2019-03-18,442.03,452.63,432.27,441.82,21749829,NFLX
2019-03-19,440.77,451.06,431.13,444.58,11306931,NFLX
2019-03-20,455.6,461.68,448.28,452.6,15213092,NFLX
2019-03-21,435.95,439.69,427.11,438.35,14547091,NFLX
2019-03-22,449.83,456.24,439.63,449.86,17287713,NFLX
2019-03-25,451.35,458.29,441.87,453.7,23112921,NFLX
2019-03-26,446.08,457.04,444.81,450.03,21121307,NFLX
2019-03-27,458.2,462.93,454.37,456.78,20181686,NFLX
2019-03-28,474.97,483.35,467.13,480.11,7329394,NFLX
2019-03-29,485.42,487.01,478.07,482.54,3791624,NFLX
2019-04-01,483.56,489.85,477.71,485.69,10079903,NFLX
2019-04-02,475.52,482.89,471.36,481.3,24866106,NFLX
2019-04-03,472.93,475.41,468.73,472.8,4601207,NFLX
2019-04-04,476.71,493.85,471.98,481.95,22772251,NFLX
2019-04-05,470.84,478.9,462.07,473.38,13697913,NFLX
2019-04-08,476.98,483.55,463.21,474.63,20261643,NFLX
2019-04-09,465.21,480.47,458.66,470.14,13806322,NFLX
2019-04-10,479.47,491.41,473.88,475.6,17377746,NFLX
2019-04-11,473.88,486.78,468.51,479.6,16107348,NFLX
2019-04-12,488.08,501.13,485.62,491.06,23736121,NFLX
2019-04-15,488.88,493.2,485.48,486.07,16180114,NFLX
2019-04-16,481.56,487.73,471.41,483.69,7083372,NFLX
2019-04-17,469.26,478.83,465.31,473.78,20886445,NFLX
2019-04-18,468.07,477.7,463.95,469.65,23670839,NFLX
2019-04-19,471.43,482.28,470.74,474.05,15775505,NFLX
2019-04-22,486.42,490.58,481.8,482.45,9191081,NFLX
2019-04-23,471.04,475.15,467.03,473.16,21867100,NFLX
2019-04-24,486.07,493.93,473.48,482.72,23981315,NFLX
2019-04-25,502.32,504.37,494.74,497.64,17220331,NFLX
2019-04-26,501.9,510.18,490.64,502.69,11309740,NFLX
2019-04-29,529.15,538.49,520.71,524.0,12900154,NFLX
2019-04-30,514.1,524.81,512.48,515.62,7821699,NFLX
2019-05-01,507.63,517.31,494.1,502.03,9605129,NFLX
2019-05-02,478.14,493.5,473.43,482.9,9172056,NFLX
2019-05-03,501.56,508.08,491.99,499.32,4496030,NFLX
2019-05-06,506.96,516.43,499.61,507.03,14237698,NFLX
2019-05-07,505.58,514.99,496.71,506.95,19788225,NFLX
2019-05-08,512.23,515.04,507.18,510.6,24149688,NFLX
2019-05-09,500.93,501.74,497.23,498.49,21500696,NFLX
2019-05-10,519.6,529.97,518.34,525.85,11313264,NFLX
2019-05-13,523.68,534.04,512.78,527.9,23476613,NFLX
2019-05-14,532.43,540.85,527.6,529.72,18069977,NFLX
2019-05-15,540.89,552.47,534.81,538.74,4991367,NFLX
2019-05-16,551.11,554.26,534.69,545.01,18796762,NFLX
2019-05-17,551.7,553.92,535.45,548.27,11718936,NFLX
2019-05-20,545.14,558.29,529.29,539.3,24186229,NFLX
2019-05-21,548.11,550.08,543.77,545.46,22485884,NFLX
2019-05-22,565.88,575.73,560.33,568.63,24830895,NFLX
2019-05-23,580.52,594.89,576.05,586.07,4000294,NFLX
2019-05-24,611.35,619.9,595.81,607.24,19333698,NFLX
2019-05-27,603.12,604.97,596.39,601.04,14587062,NFLX
2019-05-28,582.19,589.96,568.03,588.57,5285362,NFLX
2019-05-29,585.58,589.63,576.22,587.55,22620110,NFLX
2019-05-30,595.34,604.3,583.02,588.89,14838983,NFLX
2019-05-31,603.69,612.18,590.71,603.69,11565873,NFLX
2019-06-03,580.88,585.66,577.83,581.82,44218190,NFLX
2019-06-04,601.41,611.83,589.76,602.02,16430702,NFLX
2019-06-05,596.35,612.97,590.78,600.55,14615193,NFLX
2019-06-06,593.65,596.72,584.58,595.53,14916937,NFLX
2019-06-07,581.05,590.43,574.84,582.88,22813989,NFLX
2019-06-10,556.2,572.11,543.73,562.24,16890893,NFLX
2019-06-11,576.7,580.77,558.92,573.02,7384432,NFLX
2019-06-12,573.38,579.35,571.57,574.54,21468008,NFLX
2019-06-13,563.14,571.99,548.46,558.81,21408786,NFLX
2019-06-14,548.03,560.39,540.56,543.46,19716573,NFLX
2019-06-17,536.27,551.04,535.73,540.0,14879286,NFLX
2019-06-18,562.52,570.96,549.24,560.41,7773598,NFLX
2019-06-19,557.41,568.12,547.02,557.78,4660102,NFLX
2019-06-20,544.83,550.14,534.99,539.9,13733778,NFLX
2019-06-21,533.87,546.34,532.89,537.54,4511710,NFLX
2019-06-24,537.15,543.69,533.25,534.86,16708759,NFLX
2019-06-25,504.96,507.77,497.14,503.66,20593825,NFLX
2019-06-26,501.1,512.56,498.14,503.57,24361686,NFLX
2019-06-27,497.16,508.73,486.35,501.53,9807087,NFLX
2019-06-28,511.59,516.51,508.95,509.74,7062316,NFLX
2019-07-01,534.05,546.27,530.03,531.01,8587239,NFLX
2019-07-02,542.32,545.55,530.89,544.73,14577349,NFLX
2019-07-03,543.95,548.61,532.41,542.06,4655464,NFLX
2019-07-04,528.08,530.67,516.15,529.42,12795427,NFLX
2019-07-05,562.82,573.74,549.61,559.95,11377114,NFLX
2019-07-08,557.21,571.28,554.19,561.26,16947082,NFLX
2019-07-09,567.27,572.35,553.06,562.01,19169784,NFLX
2019-07-10,559.42,571.97,546.62,562.29,3878835,NFLX
2019-07-11,563.52,571.25,554.06,565.31,18118662,NFLX
2019-07-12,558.11,574.9,557.31,564.1,10556142,NFLX
2019-07-15,552.35,564.18,546.89,557.55,6277560,NFLX
2019-07-16,551.62,557.63,543.13,551.41,22947086,NFLX
2019-07-17,548.5,564.5,536.98,551.57,13858093,NFLX
2019-07-18,549.93,553.79,544.81,545.54,8088268,NFLX
2019-07-19,531.27,539.63,528.46,537.54,10279995,NFLX
2019-07-22,537.78,547.45,527.97,539.34,22156309,NFLX
2019-07-23,534.77,549.89,522.3,536.87,17188311,NFLX
2019-07-24,548.79,560.78,535.81,555.19,5760451,NFLX
2019-07-25,518.64,524.66,507.17,523.35,12085997,NFLX
2019-07-26,535.35,541.37,529.43,536.46,9369553,NFLX
2019-07-29,551.63,558.98,550.14,551.73,9432975,NFLX
2019-07-30,525.89,529.68,519.02,527.11,15154784,NFLX
2019-07-31,524.05,532.86,521.17,523.67,24018460,NFLX
2019-08-01,521.1,534.1,512.48,519.92,17765065,NFLX
2019-08-02,498.4,510.31,494.42,504.33,23682056,NFLX
2019-08-05,495.78,500.93,492.1,496.21,23597946,NFLX
2019-08-06,489.97,495.17,474.49,484.58,14237918,NFLX
2019-08-07,504.0,505.89,495.54,503.77,5848411,NFLX
2019-08-08,516.85,528.32,509.66,514.66,23121659,NFLX
2019-08-09,527.19,535.39,514.91,529.59,12445112,NFLX
2019-08-12,542.08,547.66,529.75,538.54,19300930,NFLX
2019-08-13,529.14,538.05,519.3,525.7,5444149,NFLX
2019-08-14,520.42,526.47,519.59,520.16,9930358,NFLX
2019-08-15,532.3,541.12,519.13,526.29,5214669,NFLX
2019-08-16,508.05,513.93,505.3,512.66,18807704,NFLX
2019-08-19,515.18,531.93,507.65,521.23,21731918,NFLX
2019-08-20,522.36,534.67,515.94,519.0,14048646,NFLX
2019-08-21,519.04,527.64,509.72,515.24,5933361,NFLX
2019-08-22,519.05,536.35,517.12,523.82,3421655,NFLX
2019-08-23,526.5,531.93,518.53,529.47,17010010,NFLX
2019-08-26,519.71,532.35,514.26,525.8,3799717,NFLX
2019-08-27,537.07,548.09,531.77,539.75,8647069,NFLX
2019-08-28,530.91,538.85,519.55,527.45,22259482,NFLX
2019-08-29,535.36,541.06,523.61,535.13,49898372,NFLX
2019-08-30,540.68,547.6,528.38,542.66,17584766,NFLX
2019-09-02,537.85,541.69,524.62,539.51,20699022,NFLX
2019-09-03,537.41,549.58,535.25,543.92,24742656,NFLX
2019-09-04,526.94,532.08,516.76,529.49,12179651,NFLX
2019-09-05,542.69,552.8,530.02,540.79,10873692,NFLX
2019-09-06,545.27,548.55,535.18,539.13,14689720,NFLX
2019-09-09,537.91,539.21,524.23,533.47,4193728,NFLX
2019-09-10,540.08,554.11,533.14,546.33,24838570,NFLX
2019-09-11,543.55,551.86,527.04,538.4,17700938,NFLX
2019-09-12,525.8,537.33,521.22,522.25,4504329,NFLX
2019-09-13,508.27,515.82,502.57,504.87,21555066,NFLX
2019-09-16,470.16,475.01,468.15,470.63,20313104,NFLX
2019-09-17,455.64,466.02,448.7,456.76,18601315,NFLX
2019-09-18,471.49,480.35,468.33,473.73,23695662,NFLX
2019-09-19,446.71,452.72,437.08,451.41,9971631,NFLX
2019-09-20,464.55,474.42,453.03,467.6,16322772,NFLX
2019-09-23,466.25,479.8,454.82,469.11,21980104,NFLX
2019-09-24,467.26,472.36,462.16,467.44,15513349,NFLX
2019-09-25,463.92,467.68,454.69,461.18,22329408,NFLX
2019-09-26,464.26,466.62,458.43,464.56,13922181,NFLX
2019-09-27,458.58,465.64,447.2,463.5,4724620,NFLX
2019-09-30,479.26,484.71,467.01,474.05,8169719,NFLX
2019-10-01,479.58,486.92,470.85,474.54,14501342,NFLX
2019-10-02,478.65,480.06,468.57,475.4,7830165,NFLX
2019-10-03,476.45,487.67,467.4,470.89,9566692,NFLX
2019-10-04,470.1,479.09,460.48,469.6,20135278,NFLX
2019-10-07,477.3,484.5,469.47,472.06,10248730,NFLX
2019-10-08,448.99,463.09,444.11,453.61,17705521,NFLX
2019-10-09,438.07,440.77,429.34,439.49,14343859,NFLX
2019-10-10,443.05,451.54,434.49,445.99,5077645,NFLX
2019-10-11,443.71,454.18,439.3,446.97,4401471,NFLX
2019-10-14,440.64,453.75,438.4,444.47,17742958,NFLX
2019-10-15,445.26,454.08,437.29,443.96,24557113,NFLX
2019-10-16,449.66,453.1,438.25,446.65,4716548,NFLX
2019-10-17,441.48,451.89,438.8,440.65,7952505,NFLX
2019-10-18,428.76,434.15,424.93,432.42,15792611,NFLX
2019-10-21,436.83,446.45,427.42,433.6,7100321,NFLX
2019-10-22,424.97,435.3,417.96,423.59,5097711,NFLX
2019-10-23,425.57,428.95,417.01,426.71,9095561,NFLX
2019-10-24,411.79,419.33,405.99,410.07,3037361,NFLX
2019-10-25,416.27,419.5,409.44,418.68,18547216,NFLX
2019-10-28,420.78,426.88,420.31,422.35,22676061,NFLX
2019-10-29,428.29,434.02,418.32,424.04,11146836,NFLX
2019-10-30,430.33,438.96,424.59,432.5,6463227,NFLX
2019-10-31,447.29,458.12,442.18,447.61,5457856,NFLX
2019-11-01,461.13,469.03,455.48,456.85,4761856,NFLX
2019-11-04,439.82,445.34,435.11,437.64,22118318,NFLX
2019-11-05,420.17,433.3,414.21,424.63,14960096,NFLX
2019-11-06,414.57,428.06,411.35,418.11,3000037,NFLX
2019-11-07,412.73,418.3,408.21,417.66,18378456,NFLX
2019-11-08,423.04,433.44,416.16,421.72,15886476,NFLX
2019-11-11,413.79,415.58,405.35,414.31,20430884,NFLX
2019-11-12,411.68,423.85,405.97,415.32,23181374,NFLX
2019-11-13,412.23,415.42,399.96,407.75,22433256,NFLX
2019-11-14,401.89,403.56,400.38,401.6,20480861,NFLX
2019-11-15,386.13,393.03,379.58,388.54,24688888,NFLX
2019-11-18,380.02,386.28,379.2,380.02,12694535,NFLX
2019-11-19,369.7,373.45,363.62,368.11,22399088,NFLX
2019-11-20,355.96,360.45,352.46,359.62,16368750,NFLX
2019-11-21,365.36,373.0,360.99,367.35,3593975,NFLX
2019-11-22,361.73,369.93,351.22,359.09,24829899,NFLX
2019-11-25,378.88,383.12,372.83,379.25,18562820,NFLX
2019-11-26,383.16,385.54,374.08,382.74,19115325,NFLX
2019-11-27,383.04,388.12,379.19,383.66,5282373,NFLX
2019-11-28,371.69,376.62,366.38,375.8,22617368,NFLX
2019-11-29,377.91,388.85,375.52,380.97,10527872,NFLX
2019-12-02,375.04,383.36,367.65,375.53,5550552,NFLX
2019-12-03,373.3,381.61,365.45,375.93,12240832,NFLX
2019-12-04,392.17,400.21,386.19,396.45,22169951,NFLX
2019-12-05,398.23,406.27,393.88,394.97,10504361,NFLX
2019-12-06,408.97,414.83,401.09,404.3,10314153,NFLX
2019-12-09,400.21,408.54,391.47,397.41,12750576,NFLX
2019-12-10,399.84,406.29,391.48,396.47,23399762,NFLX
2019-12-11,408.71,419.41,399.31,411.25,16283643,NFLX
2019-12-12,409.41,415.7,404.38,404.94,23384156,NFLX
2019-12-13,417.35,425.01,413.6,420.41,23377416,NFLX
2019-12-16,430.9,441.24,418.55,426.28,20336247,NFLX
2019-12-17,425.34,431.29,415.75,420.35,5701243,NFLX
2019-12-18,427.69,434.33,416.01,425.53,19590189,NFLX
2019-12-19,438.97,441.73,433.17,433.96,8444003,NFLX
2019-12-20,439.95,446.99,430.08,439.21,24212944,NFLX
2019-12-23,420.95,429.63,416.98,423.4,9542155,NFLX
2019-12-24,415.36,418.25,407.42,415.99,10165371,NFLX
2019-12-25,414.03,415.03,409.88,413.1,23912770,NFLX
2019-12-26,407.58,418.19,404.99,411.8,15727850,NFLX
2019-12-27,418.02,426.1,413.11,416.8,5988088,NFLX
2019-12-30,422.63,428.36,413.52,417.81,17843441,NFLX
2019-12-31,401.93,407.55,400.49,404.94,3979907,NFLX
2020-01-01,410.59,417.57,398.3,407.73,19991184,NFLX
2020-01-02,416.64,417.86,405.56,412.6,15971300,NFLX
2020-01-03,421.52,426.41,409.14,417.08,21678953,NFLX
2020-01-06,431.09,433.22,425.84,426.39,16561102,NFLX
2020-01-07,433.82,436.17,426.8,433.59,24762464,NFLX
2020-01-08,442.37,444.96,434.11,437.36,16779190,NFLX
2020-01-09,438.77,443.28,432.34,436.08,19773349,NFLX
2020-01-10,416.16,420.51,407.88,419.57,22079959,NFLX
2020-01-13,422.73,427.42,414.58,422.96,24365372,NFLX
2020-01-14,426.55,432.21,416.58,424.32,19649919,NFLX
2020-01-15,423.71,431.66,417.29,426.29,3985461,NFLX
2020-01-16,415.17,419.4,405.76,413.78,14743969,NFLX
2020-01-17,405.03,413.59,393.52,403.41,4806423,NFLX
2020-01-20,408.89,414.08,407.3,412.23,18477847,NFLX
2020-01-21,411.99,417.41,410.6,411.35,4950408,NFLX
2020-01-22,419.71,420.76,409.99,417.0,19373461,NFLX
2020-01-23,416.73,417.87,409.7,416.74,6594128,NFLX
2020-01-24,411.63,422.66,401.41,416.51,21183643,NFLX
2020-01-27,419.59,430.79,415.95,424.6,23266766,NFLX
2020-01-28,417.84,428.54,415.68,419.28,6895090,NFLX
2020-01-29,423.98,430.08,410.67,419.68,5765013,NFLX
2020-01-30,412.24,424.92,403.51,414.94,18579209,NFLX
2020-01-31,411.84,412.73,408.04,410.52,19216761,NFLX
2020-02-03,404.56,408.64,400.43,407.28,11424990,NFLX
2020-02-04,407.07,409.67,397.34,408.82,10038170,NFLX
2020-02-05,407.47,409.69,400.03,404.09,20639435,NFLX
2020-02-06,417.1,422.93,407.52,414.82,16654829,NFLX
2020-02-07,402.3,412.94,395.8,406.24,21495519,NFLX
2020-02-10,403.48,405.02,400.84,404.17,12663464,NFLX
2020-02-11,395.35,409.35,393.16,399.87,6801082,NFLX
2020-02-12,412.01,420.95,405.67,412.2,23123884,NFLX
2020-02-13,415.21,418.58,412.66,413.6,9696674,NFLX
2020-02-14,418.73,423.8,412.35,422.6,15317876,NFLX
2020-02-17,406.36,410.5,403.73,408.43,14095868,NFLX
2020-02-18,409.47,412.13,403.98,410.47,6205677,NFLX
2020-02-19,422.36,424.03,416.7,418.15,5506068,NFLX
2020-02-20,423.52,429.21,417.22,418.56,13024015,NFLX
2020-02-21,423.36,430.99,413.66,428.03,66885699,NFLX
2020-02-24,425.49,429.57,421.77,422.84,3483075,NFLX
2020-02-25,434.28,446.4,432.02,435.62,15348378,NFLX
2020-02-26,456.13,465.28,453.39,457.31,13165918,NFLX
2020-02-27,456.11,466.96,444.2,453.35,11715978,NFLX
2020-02-28,453.11,455.11,446.06,448.6,8451731,NFLX
2020-03-02,467.65,472.41,460.52,462.64,9746037,NFLX
2020-03-03,479.31,486.17,469.78,478.42,24250430,NFLX
2020-03-04,471.02,473.98,470.01,472.64,15685328,NFLX
2020-03-05,471.23,471.75,456.86,468.0,23460012,NFLX
2020-03-06,462.07,472.79,452.18,464.85,16679946,NFLX
2020-03-09,451.57,458.97,445.42,450.87,12231261,NFLX
2020-03-10,440.05,446.34,435.13,441.55,10841640,NFLX
2020-03-11,433.22,438.74,427.49,431.59,13225125,NFLX
2020-03-12,421.48,428.77,411.11,424.12,11740245,NFLX
2020-03-13,420.49,424.29,419.67,423.63,18708276,NFLX
2020-03-16,429.92,433.81,415.46,425.65,18107626,NFLX
2020-03-17,435.8,442.31,426.4,440.0,19728943,NFLX
2020-03-18,430.26,431.71,419.59,430.2,16486194,NFLX
2020-03-19,436.44,449.91,431.47,439.39,11566554,NFLX
2020-03-20,432.36,443.93,431.23,437.2,8137956,NFLX
2020-03-23,431.76,444.69,427.86,436.62,16477488,NFLX
2020-03-24,439.55,446.8,437.24,443.01,20642115,NFLX
2020-03-25,435.79,440.34,421.32,431.99,5318292,NFLX
2020-03-26,433.28,438.46,428.08,435.55,21803609,NFLX
2020-03-27,441.82,443.29,430.98,437.09,14390691,NFLX
2020-03-30,442.65,444.99,436.03,441.78,5379897,NFLX
2020-03-31,443.89,453.51,433.56,444.56,21071632,NFLX
2020-04-01,469.45,477.55,464.53,468.55,4985196,NFLX
2020-04-02,462.16,468.69,456.0,461.97,10703189,NFLX
2020-04-03,459.42,465.12,453.56,456.59,15306806,NFLX
2020-04-06,448.0,460.77,442.02,450.35,4560121,NFLX
2020-04-07,443.31,446.11,433.82,444.88,8878263,NFLX
2020-04-08,442.84,446.27,434.55,438.69,20220251,NFLX
2020-04-09,455.05,459.33,440.84,450.23,6099072,NFLX
2020-04-10,468.75,478.02,462.49,464.37,9650723,NFLX
2020-04-13,457.75,470.02,453.04,458.63,18343504,NFLX
2020-04-14,453.37,456.44,440.78,450.34,24977767,NFLX
2020-04-15,454.87,465.13,454.0,455.13,7552636,NFLX
2020-04-16,449.7,459.14,444.05,449.73,20528456,NFLX
2020-04-17,452.9,459.05,442.37,456.13,7315596,NFLX
2020-04-20,459.33,464.19,453.76,458.33,9775996,NFLX
2020-04-21,570.81,581.37,560.01,575.14,20773007,NFLX
2020-04-22,593.52,610.52,590.13,595.93,13609551,NFLX
2020-04-23,626.03,629.37,617.4,620.74,12929729,NFLX
2020-04-24,609.31,626.0,608.39,613.62,18195753,NFLX
2020-04-27,603.35,615.12,595.53,609.63,4960299,NFLX
2020-04-28,608.35,626.1,599.78,614.71,8079111,NFLX
2020-04-29,627.05,634.0,616.19,620.48,5853501,NFLX
2020-04-30,630.85,640.24,616.98,630.75,14216041,NFLX
2020-05-01,658.53,673.81,650.71,659.97,9282444,NFLX
2020-05-04,663.64,677.11,650.89,658.73,19205624,NFLX
2020-05-05,653.69,667.94,633.65,648.47,5459622,NFLX
2020-05-06,627.52,631.59,618.13,630.06,19636098,NFLX
2020-05-07,624.07,635.06,618.37,621.18,17569117,NFLX
2020-05-08,626.02,628.75,619.21,621.98,21674675,NFLX
2020-05-11,650.23,657.36,633.17,647.82,7240012,NFLX
2020-05-12,636.36,650.82,621.84,641.73,15338450,NFLX
2020-05-13,652.01,658.96,634.1,646.18,19093190,NFLX
2020-05-14,647.84,656.57,644.64,647.23,17107528,NFLX
2020-05-15,662.0,682.06,647.5,665.48,20992658,NFLX
2020-05-18,702.6,706.85,697.17,703.86,8564396,NFLX
2020-05-19,689.29,709.02,673.73,697.02,10903797,NFLX
2020-05-20,684.72,698.15,677.84,690.89,51329116,NFLX
2020-05-21,712.67,715.66,696.51,708.16,22357525,NFLX
2020-05-22,711.56,723.67,707.24,720.2,14704145,NFLX
2020-05-25,748.5,767.84,733.98,750.0,10049985,NFLX
2020-05-26,750.41,767.0,742.76,750.0,10506161,NFLX
2020-05-27,741.98,767.08,727.63,750.0,24929162,NFLX
2020-05-28,758.52,777.32,744.1,750.0,10026206,NFLX
2020-05-29,745.07,754.5,742.07,750.0,7247328,NFLX
2020-06-01,746.48,757.15,730.09,750.0,21228685,NFLX
2020-06-02,746.47,762.8,743.33,750.0,6300874,NFLX
2020-06-03,745.15,759.46,737.13,750.0,24513632,NFLX
2020-06-04,741.03,758.28,724.76,750.0,23841213,NFLX
2020-06-05,754.13,761.36,738.95,750.0,11302975,NFLX
2020-06-08,758.4,769.97,734.15,750.0,16101446,NFLX
2020-06-09,745.04,761.11,738.93,750.0,9126463,NFLX
2020-06-10,752.93,756.61,744.91,750.0,11437534,NFLX
2020-06-11,754.35,763.65,733.15,750.0,8410812,NFLX
2020-06-12,756.27,767.07,740.36,750.0,17955183,NFLX
2020-06-15,748.61,761.02,744.53,750.0,17380525,NFLX
2020-06-16,746.45,754.53,744.56,750.0,23528603,NFLX
2020-06-17,746.86,764.11,737.39,750.0,22556276,NFLX
2020-06-18,753.83,755.04,748.36,750.0,3483791,NFLX
2020-06-19,755.7,762.89,740.89,750.0,18374160,NFLX
2020-06-22,744.27,764.79,732.7,750.0,21935930,NFLX
2020-06-23,747.68,760.9,744.21,750.0,14836889,NFLX
2020-06-24,757.23,762.74,740.12,750.0,12184874,NFLX
2020-06-25,755.52,768.88,739.74,750.0,22399496,NFLX
2020-06-26,758.73,769.82,740.08,750.0,16317681,NFLX
2020-06-29,754.58,769.75,746.49,750.0,7225872,NFLX
2020-06-30,748.08,763.98,744.31,750.0,16380190,NFLX
2020-07-01,751.63,763.39,738.51,750.0,12049867,NFLX
2020-07-02,752.9,762.47,737.25,750.0,11998934,NFLX
2020-07-03,742.41,753.15,732.62,750.0,4245749,NFLX
2020-07-06,750.8,756.26,741.56,750.0,22004157,NFLX
2020-07-07,753.77,762.1,735.54,750.0,21195396,NFLX
2020-07-08,744.01,761.54,739.59,750.0,18046402,NFLX
2020-07-09,755.05,765.12,740.01,750.0,11237881,NFLX
2020-07-10,751.51,757.46,737.26,750.0,22796183,NFLX
2020-07-13,758.14,759.02,733.17,750.0,19493750,NFLX
2020-07-14,741.76,759.68,727.47,750.0,6726904,NFLX
2020-07-15,745.78,755.89,744.12,750.0,17459536,NFLX
2020-07-16,751.83,765.83,736.74,750.0,18387558,NFLX
2020-07-17,746.34,751.18,730.7,750.0,12921625,NFLX
2020-07-20,753.86,765.19,739.54,750.0,20569731,NFLX
2020-07-21,754.66,772.47,736.78,750.0,8910838,NFLX
2020-07-22,742.85,753.89,724.9,750.0,21170412,NFLX
2020-07-23,750.25,759.49,737.07,750.0,20812427,NFLX
2020-07-24,750.16,752.56,741.04,750.0,5189568,NFLX
2020-07-27,747.65,762.01,738.86,750.0,23711956,NFLX
2020-07-28,757.79,768.56,737.67,750.0,3647122,NFLX
2020-07-29,755.9,764.04,739.3,750.0,6782164,NFLX
2020-07-30,753.55,763.73,748.63,750.0,4761331,NFLX
2020-07-31,753.86,770.83,738.04,750.0,21654545,NFLX
2020-08-03,749.31,754.28,735.22,750.0,22670186,NFLX
2020-08-04,757.58,758.75,735.63,750.0,3315315,NFLX
2020-08-05,753.5,769.84,739.49,750.0,11539202,NFLX
2020-08-06,754.12,765.32,744.92,750.0,12109500,NFLX
2020-08-07,756.51,773.44,734.96,750.0,16665033,NFLX
2020-08-10,745.93,761.5,739.98,750.0,6959015,NFLX
2020-08-11,755.53,770.97,731.63,750.0,14061060,NFLX
2020-08-12,744.51,758.48,733.39,750.0,5214979,NFLX
2020-08-13,747.22,764.25,742.45,750.0,23183067,NFLX
2020-08-14,747.04,767.18,734.44,750.0,10354292,NFLX
2020-08-17,758.61,769.79,741.4,750.0,15800652,NFLX
2020-08-18,756.42,760.46,734.94,750.0,4836082,NFLX
2020-08-19,753.62,759.24,744.61,750.0,5237699,NFLX
2020-08-20,754.09,758.44,732.19,750.0,18938126,NFLX
2020-08-21,751.12,756.32,746.6,750.0,24235650,NFLX
2020-08-24,758.05,764.38,734.82,750.0,4813065,NFLX
2020-08-25,749.93,760.74,746.92,750.0,24734377,NFLX
2020-08-26,747.85,761.33,735.48,750.0,10395511,NFLX
2020-08-27,743.93,758.43,738.24,750.0,24364497,NFLX
2020-08-28,755.15,767.06,737.0,750.0,18968063,NFLX
2020-08-31,754.22,756.45,747.56,750.0,11472761,NFLX
2020-09-01,747.92,752.33,731.49,750.0,24755450,NFLX
2020-09-02,741.45,753.84,726.09,750.0,23749378,NFLX
2020-09-03,756.1,766.26,740.12,750.0,9166994,NFLX
2020-09-04,741.21,754.6,724.13,750.0,7172060,NFLX
2020-09-07,753.67,759.54,734.78,750.0,19856163,NFLX
2020-09-08,758.46,766.51,748.24,750.0,13342588,NFLX
2020-09-09,748.88,765.36,747.71,750.0,11136537,NFLX
2020-09-10,745.23,751.0,733.33,750.0,23746627,NFLX
2020-09-11,753.69,766.19,747.87,750.0,8969677,NFLX
2020-09-14,755.71,768.6,741.06,750.0,18505393,NFLX
2020-09-15,750.84,765.98,736.11,750.0,20745626,NFLX
2020-09-16,758.41,776.14,743.89,750.0,13799520,NFLX
2020-09-17,741.93,751.11,735.11,750.0,18990677,NFLX
2020-09-18,750.09,753.6,749.05,750.0,23713858,NFLX
2020-09-21,753.93,770.72,736.02,750.0,14756372,NFLX
2020-09-22,756.53,765.61,743.35,750.0,15000488,NFLX
2020-09-23,744.23,760.91,726.55,750.0,20818051,NFLX
2020-09-24,755.4,768.18,733.3,750.0,13266900,NFLX
2020-09-25,750.95,763.94,731.32,750.0,11531225,NFLX
2020-09-28,748.14,767.52,747.38,750.0,12657570,NFLX
2020-09-29,743.37,768.7,739.1,750.0,24911845,NFLX
2020-09-30,756.58,770.41,745.41,750.0,13490455,NFLX
2020-10-01,743.83,755.92,734.33,750.0,24703946,NFLX
2020-10-02,746.58,766.59,733.29,750.0,20807336,NFLX
2020-10-05,746.22,751.64,730.27,750.0,4034780,NFLX
2020-10-06,756.69,761.64,736.37,750.0,10128822,NFLX
2020-10-07,753.11,770.08,738.02,750.0,3749045,NFLX
2020-10-08,755.34,760.74,744.86,750.0,20649325,NFLX
2020-10-09,745.51,754.72,736.53,750.0,15423088,NFLX
2020-10-12,752.25,755.49,732.64,750.0,10736085,NFLX
2020-10-13,751.29,767.53,731.57,750.0,3387405,NFLX
2020-10-14,755.99,765.82,733.09,750.0,9805360,NFLX
2020-10-15,757.31,770.33,738.64,750.0,7561786,NFLX
2020-10-16,741.22,755.05,739.29,750.0,7758669,NFLX
2020-10-19,753.13,767.59,742.72,750.0,15924971,NFLX
2020-10-20,741.93,764.43,737.66,750.0,14775840,NFLX
2020-10-21,750.88,757.26,739.64,750.0,6101004,NFLX
2020-10-22,746.18,758.14,734.0,750.0,8534693,NFLX
2020-10-23,746.52,754.52,729.8,750.0,5932208,NFLX
2020-10-26,747.35,768.33,744.38,750.0,13096694,NFLX
2020-10-27,752.18,764.59,745.35,750.0,23964658,NFLX
2020-10-28,747.01,767.57,731.35,750.0,23589413,NFLX
2020-10-29,754.19,760.43,740.47,750.0,15289446,NFLX
2020-10-30,748.28,764.82,738.33,750.0,13104480,NFLX
2020-11-02,742.23,764.54,734.81,750.0,3956740,NFLX
2020-11-03,755.11,768.4,748.28,750.0,19242334,NFLX
2020-11-04,746.14,768.13,737.87,750.0,18503439,NFLX
2020-11-05,748.79,757.83,739.78,750.0,21988062,NFLX
2020-11-06,753.34,756.45,732.16,750.0,24205976,NFLX
2020-11-09,746.98,762.84,729.44,750.0,22086447,NFLX
2020-11-10,742.02,763.88,726.8,750.0,18123296,NFLX
2020-11-11,747.73,761.1,729.62,750.0,24387980,NFLX
2020-11-12,758.0,762.52,744.63,750.0,33437585,NFLX
2020-11-13,752.55,762.41,744.27,750.0,17401161,NFLX
2020-11-16,753.09,759.48,733.7,750.0,24272649,NFLX
2020-11-17,752.38,760.85,746.3,750.0,24993000,NFLX
2020-11-18,744.58,762.36,728.73,750.0,21744798,NFLX
2020-11-19,748.53,764.16,735.23,750.0,3840268,NFLX
2020-11-20,754.52,759.48,735.73,750.0,9129026,NFLX
2020-11-23,742.82,758.05,730.89,750.0,8770938,NFLX
2020-11-24,746.0,755.59,731.91,750.0,11441243,NFLX
2020-11-25,745.97,754.33,736.08,750.0,15603858,NFLX
2020-11-26,748.78,764.85,737.38,750.0,20760854,NFLX
2020-11-27,758.65,775.96,749.01,750.0,14652065,NFLX
2020-11-30,742.22,757.41,724.66,750.0,5791671,NFLX
2020-12-01,750.34,764.62,733.81,750.0,5061892,NFLX
2020-12-02,744.23,766.9,726.57,750.0,23208759,NFLX
2020-12-03,758.47,774.63,742.52,750.0,7078140,NFLX
2020-12-04,743.04,754.04,725.44,750.0,14984827,NFLX
2020-12-07,748.26,767.96,744.58,750.0,18641926,NFLX
2020-12-08,754.28,761.86,740.46,750.0,6909308,NFLX
2020-12-09,753.68,760.57,740.74,750.0,10466897,NFLX
2020-12-10,748.61,751.87,739.98,750.0,10685727,NFLX
2020-12-11,747.24,759.5,731.62,750.0,3915767,NFLX
2020-12-14,748.16,752.71,733.0,750.0,11689972,NFLX
2020-12-15,745.76,755.22,732.82,750.0,12716486,NFLX
2020-12-16,744.7,756.45,736.69,750.0,18547488,NFLX
2020-12-17,749.69,765.31,734.73,750.0,11214491,NFLX
2020-12-18,745.83,766.51,729.27,750.0,23146631,NFLX
2020-12-21,746.17,756.19,744.89,750.0,19388019,NFLX
2020-12-22,752.82,769.09,731.65,750.0,23480929,NFLX
2020-12-23,758.43,774.8,745.7,750.0,14881412,NFLX
2020-12-24,751.87,766.42,745.43,750.0,3381856,NFLX
2020-12-25,742.39,753.39,729.12,750.0,15032120,NFLX
2020-12-28,742.36,763.18,726.22,750.0,23542660,NFLX
2020-12-29,758.13,776.08,733.87,750.0,17294821,NFLX
2020-12-30,746.35,763.04,740.19,750.0,12151969,NFLX
2020-12-31,742.66,756.72,735.55,750.0,7579097,NFLX
2021-01-01,751.78,761.57,745.34,750.0,10613312,NFLX
2021-01-04,752.23,764.64,748.12,750.0,7016899,NFLX
2021-01-05,752.67,762.65,743.7,750.0,18528998,NFLX
2021-01-06,745.81,752.91,729.96,750.0,6955199,NFLX
2021-01-07,741.27,756.37,727.07,750.0,6268896,NFLX
2021-01-08,758.37,773.73,746.41,750.0,7253459,NFLX
2021-01-11,745.52,766.26,730.62,750.0,17156692,NFLX
2021-01-12,753.17,756.4,732.56,750.0,10136940,NFLX
2021-01-13,753.72,771.7,743.91,750.0,5854135,NFLX
2021-01-14,751.98,758.67,738.5,750.0,17959998,NFLX
2021-01-15,746.63,762.67,744.45,750.0,20253593,NFLX
2021-01-18,745.88,764.28,738.87,750.0,3398422,NFLX
2021-01-19,751.76,767.16,732.88,750.0,19899153,NFLX
2021-01-20,756.59,774.52,748.31,750.0,4133629,NFLX
2021-01-21,758.04,764.49,735.9,750.0,10652126,NFLX
2021-01-22,742.91,766.2,730.35,750.0,20155571,NFLX
2021-01-25,743.79,753.12,732.37,750.0,13279977,NFLX
2021-01-26,758.01,771.59,732.17,750.0,23770827,NFLX
2021-01-27,754.26,768.44,740.19,750.0,14504456,NFLX
2021-01-28,756.89,769.96,733.47,750.0,10277186,NFLX
2021-01-29,744.65,755.29,733.2,750.0,21452475,NFLX
2021-02-01,751.58,768.08,737.56,750.0,12428082,NFLX
2021-02-02,753.62,757.43,745.16,750.0,13347737,NFLX
2021-02-03,753.24,754.96,745.71,750.0,9609001,NFLX
2021-02-04,748.35,763.66,732.39,750.0,11816087,NFLX
2021-02-05,741.28,759.31,729.27,750.0,9024945,NFLX
2021-02-08,751.49,767.56,737.97,750.0,17101325,NFLX
2021-02-09,745.56,757.65,729.63,750.0,15754422,NFLX
2021-02-10,749.1,753.78,744.73,750.0,17213506,NFLX
2021-02-11,758.24,774.22,743.98,750.0,22948769,NFLX
2021-02-12,748.18,760.63,732.9,750.0,5594545,NFLX
2021-02-15,756.12,760.31,737.85,750.0,6182999,NFLX
2021-02-16,744.39,763.72,727.67,750.0,12514440,NFLX
2021-02-17,753.1,763.1,742.56,750.0,10029446,NFLX
2021-02-18,758.59,770.35,733.43,750.0,8790740,NFLX
2021-02-19,742.83,759.05,741.84,750.0,11951442,NFLX
2021-02-22,741.15,765.67,736.51,750.0,3840597,NFLX
2021-02-23,748.8,765.68,737.1,750.0,3850122,NFLX
2021-02-24,742.67,763.52,734.41,750.0,16029792,NFLX
2021-02-25,754.47,757.13,747.65,750.0,22349919,NFLX
2021-02-26,757.46,773.47,741.22,750.0,3730559,NFLX
2021-03-01,748.81,762.83,733.23,750.0,4862015,NFLX
2021-03-02,745.66,763.3,733.79,750.0,14348964,NFLX
2021-03-03,748.82,757.28,745.25,750.0,16129224,NFLX
2021-03-04,754.02,770.69,742.85,750.0,17399256,NFLX
2021-03-05,741.16,763.81,734.21,750.0,21782680,NFLX
2021-03-08,751.61,754.39,746.85,750.0,24382893,NFLX
2021-03-09,752.04,760.15,747.34,750.0,19514067,NFLX
2021-03-10,752.48,769.24,747.81,750.0,23794857,NFLX
2021-03-11,745.36,751.6,728.42,750.0,14885033,NFLX
2021-03-12,753.85,772.0,741.04,750.0,4705692,NFLX
2021-03-15,742.65,762.97,737.28,750.0,20403992,NFLX
2021-03-16,744.59,762.11,739.5,750.0,14106789,NFLX
2021-03-17,756.79,762.47,742.17,750.0,21539203,NFLX
2021-03-18,754.3,759.56,734.25,750.0,9523229,NFLX
2021-03-19,741.25,767.71,736.9,750.0,12370707,NFLX
2021-03-22,745.47,756.12,739.72,750.0,6486082,NFLX
2021-03-23,744.86,764.71,727.78,750.0,18902806,NFLX
2021-03-24,745.87,757.83,735.53,750.0,4550642,NFLX
2021-03-25,745.46,753.26,729.93,750.0,13180433,NFLX
2021-03-26,742.13,750.94,729.58,750.0,14498649,NFLX
2021-03-29,749.26,760.55,730.85,750.0,5494903,NFLX
2021-03-30,754.19,772.61,738.46,750.0,20293247,NFLX
2021-03-31,751.92,759.33,741.15,750.0,19824583,NFLX
2021-04-01,753.11,760.32,742.4,750.0,21409964,NFLX
2021-04-02,742.46,756.94,735.72,750.0,19188024,NFLX
2021-04-05,758.13,768.36,746.3,750.0,7862944,NFLX
2021-04-06,756.09,764.85,735.13,750.0,18088026,NFLX
2021-04-07,755.49,772.2,733.42,750.0,3364716,NFLX
2021-04-08,755.81,765.74,746.58,750.0,17239359,NFLX
2021-04-09,757.79,767.78,734.07,750.0,8253087,NFLX
2021-04-12,750.8,754.04,748.8,750.0,7920791,NFLX
2021-04-13,744.61,768.44,741.05,750.0,20231839,NFLX
2021-04-14,752.1,757.37,740.27,750.0,11015648,NFLX
2021-04-15,754.37,756.45,748.92,750.0,18500318,NFLX
2021-04-16,754.28,767.04,733.0,750.0,4310646,NFLX
2021-04-19,750.39,761.86,736.71,750.0,11429948,NFLX
2021-04-20,742.23,758.22,735.05,750.0,17923019,NFLX
2021-04-21,747.68,758.35,735.27,750.0,20669959,NFLX
2021-04-22,757.57,772.61,747.96,750.0,5014751,NFLX
2021-04-23,751.52,755.8,732.43,750.0,8842488,NFLX
2021-04-26,750.69,766.22,741.14,750.0,4413285,NFLX
2021-04-27,745.84,762.43,737.77,750.0,4330657,NFLX
2021-04-28,747.63,758.29,740.65,750.0,16904851,NFLX
2021-04-29,757.12,766.2,735.85,750.0,18434272,NFLX
2021-04-30,753.0,758.39,737.81,750.0,20722377,NFLX
2021-05-03,755.17,769.56,746.44,750.0,8000783,NFLX
2021-05-04,749.18,759.98,733.95,750.0,5328767,NFLX
2021-05-05,752.34,758.89,746.13,750.0,22484349,NFLX
2021-05-06,745.47,761.48,736.9,750.0,24596739,NFLX
2021-05-07,753.7,772.46,744.97,750.0,40282769,NFLX
2021-05-10,748.7,758.58,742.8,750.0,15234587,NFLX
2021-05-11,748.97,767.32,733.97,750.0,17817916,NFLX
2021-05-12,752.69,759.67,741.49,750.0,19017834,NFLX
2021-05-13,757.85,759.61,746.87,750.0,14083599,NFLX
2021-05-14,742.15,754.43,731.3,750.0,13186163,NFLX
2021-05-17,755.85,764.2,748.65,750.0,19830226,NFLX
2021-05-18,746.26,754.7,735.71,750.0,18960724,NFLX
2021-05-19,748.99,750.75,732.83,750.0,8805333,NFLX
2021-05-20,741.39,767.22,729.79,750.0,8516552,NFLX
2021-05-21,746.42,765.94,744.81,750.0,20684488,NFLX
2021-05-24,750.05,764.16,737.0,750.0,15763592,NFLX
2021-05-25,742.01,753.77,738.92,750.0,13884890,NFLX
2021-05-26,749.84,752.92,746.95,750.0,17192912,NFLX
2021-05-27,757.69,759.68,737.55,750.0,23851627,NFLX
2021-05-28,742.9,763.78,725.81,750.0,16979640,NFLX
2021-05-31,754.76,772.34,744.29,750.0,3536364,NFLX
2021-06-01,748.37,758.5,735.26,750.0,17541831,NFLX
2021-06-02,752.79,755.7,745.34,750.0,17311631,NFLX
2021-06-03,745.68,759.97,734.96,750.0,20680273,NFLX
2021-06-04,743.87,757.03,733.94,750.0,21527868,NFLX
2021-06-07,743.89,757.5,739.18,750.0,19594432,NFLX
2021-06-08,742.27,761.93,730.52,750.0,22397125,NFLX
2021-06-09,744.34,763.69,733.65,750.0,20440694,NFLX
2021-06-10,752.96,755.71,738.02,750.0,7139524,NFLX
2021-06-11,756.87,758.27,737.86,750.0,20768209,NFLX
2021-06-14,755.65,774.44,740.72,750.0,4588049,NFLX
2021-06-15,753.33,758.29,745.81,750.0,20736512,NFLX
2021-06-16,742.99,751.72,730.86,750.0,20039746,NFLX
2021-06-17,746.21,754.17,736.94,750.0,23408313,NFLX
2021-06-18,746.58,751.45,739.93,750.0,5042361,NFLX
2021-06-21,745.5,757.8,731.68,750.0,19994983,NFLX
2021-06-22,750.27,765.47,736.25,750.0,20887186,NFLX
2021-06-23,750.64,757.54,748.05,750.0,23647249,NFLX
2021-06-24,747.42,758.75,741.72,750.0,12034612,NFLX
2021-06-25,747.37,762.91,739.04,750.0,3187486,NFLX
2021-06-28,755.91,765.9,742.91,750.0,4628782,NFLX
2021-06-29,755.21,771.58,731.78,750.0,23165500,NFLX
2021-06-30,746.54,766.34,738.95,750.0,19708838,NFLX
2021-07-01,757.45,758.39,740.42,750.0,4733391,NFLX
2021-07-02,758.15,773.07,741.07,750.0,5202661,NFLX
2021-07-05,746.88,759.04,734.65,750.0,7550056,NFLX
2021-07-06,747.38,768.55,730.16,750.0,4162886,NFLX
2021-07-07,750.1,759.55,734.73,750.0,7075341,NFLX
2021-07-08,757.94,776.65,748.36,750.0,5929386,NFLX
2021-07-09,756.77,771.24,738.61,750.0,17940504,NFLX
2021-07-12,742.85,755.22,732.6,750.0,23040863,NFLX
2021-07-13,748.07,760.44,730.31,750.0,20735317,NFLX
2021-07-14,750.96,769.59,731.93,750.0,16279226,NFLX
2021-07-15,750.06,766.24,744.16,750.0,3069519,NFLX
2021-07-16,744.49,752.5,735.49,750.0,16294387,NFLX
2021-07-19,756.46,770.04,740.41,750.0,3960655,NFLX
2021-07-20,753.18,760.18,735.63,750.0,18985227,NFLX
2021-07-21,756.08,756.97,744.66,750.0,12585296,NFLX
2021-07-22,756.46,764.54,734.28,750.0,21919140,NFLX
2021-07-23,754.47,759.48,734.67,750.0,13608191,NFLX
2021-07-26,748.91,765.49,738.46,750.0,5979674,NFLX
2021-07-27,751.99,758.83,736.4,750.0,5292056,NFLX
2021-07-28,743.89,765.65,729.71,750.0,11547596,NFLX
2021-07-29,753.13,753.89,742.86,750.0,10122759,NFLX
2021-07-30,744.23,756.29,737.25,750.0,22389111,NFLX
2021-08-02,753.49,758.61,746.09,750.0,17444292,NFLX
2021-08-03,745.13,754.95,733.97,750.0,7233384,NFLX
2021-08-04,743.12,751.98,725.84,750.0,53004981,NFLX
2021-08-05,743.98,754.12,730.26,750.0,16412066,NFLX
2021-08-06,741.04,760.75,739.94,750.0,18194144,NFLX
2021-08-09,753.94,759.96,741.98,750.0,8852373,NFLX
2021-08-10,754.18,762.49,744.03,750.0,12315889,NFLX
2021-08-11,750.27,757.81,731.38,750.0,24227912,NFLX
2021-08-12,743.9,766.52,734.56,750.0,15603880,NFLX
2021-08-13,742.5,767.05,724.61,750.0,14768753,NFLX
2021-08-16,741.34,759.62,732.94,750.0,17167068,NFLX
2021-08-17,743.98,756.69,741.82,750.0,5873382,NFLX
2021-08-18,757.04,759.73,748.68,750.0,21167395,NFLX
2021-08-19,745.35,767.91,736.38,750.0,11113324,NFLX
2021-08-20,747.38,751.83,736.91,750.0,10128080,NFLX
2021-08-23,742.9,756.11,741.17,750.0,19673847,NFLX
2021-08-24,745.0,756.12,738.42,750.0,18273517,NFLX
2021-08-25,750.35,756.87,732.42,750.0,11314052,NFLX
2021-08-26,751.94,755.66,739.63,750.0,17124685,NFLX
2021-08-27,745.42,764.85,731.08,750.0,23548630,NFLX
2021-08-30,742.04,752.95,731.85,750.0,3746470,NFLX
2021-08-31,748.04,762.18,737.51,750.0,15736241,NFLX
2021-09-01,745.22,752.98,737.0,750.0,19094140,NFLX
2021-09-02,744.95,752.02,732.71,750.0,10068566,NFLX
2021-09-03,758.28,775.59,734.21,750.0,12961370,NFLX
2021-09-06,752.09,756.28,740.32,750.0,4918517,NFLX
2021-09-07,751.02,766.58,746.19,750.0,17378121,NFLX
2021-09-08,748.48,760.55,741.7,750.0,23236760,NFLX
2021-09-09,748.72,752.15,736.08,750.0,22607311,NFLX
2021-09-10,750.74,768.7,748.09,750.0,6429985,NFLX
2021-09-13,753.54,758.76,747.67,750.0,21088630,NFLX
2021-09-14,753.64,769.94,735.02,750.0,23962943,NFLX
2021-09-15,744.09,753.79,726.19,750.0,11404196,NFLX
2021-09-16,750.0,766.12,744.59,750.0,5814268,NFLX
2021-09-17,748.42,750.99,744.57,750.0,10058175,NFLX
2021-09-20,756.67,766.72,748.67,750.0,14598709,NFLX
2021-09-21,752.37,767.01,747.27,750.0,23794979,NFLX
2021-09-22,750.59,768.18,742.06,750.0,11232823,NFLX
2021-09-23,743.08,767.12,733.95,750.0,22016881,NFLX
2021-09-24,751.9,767.44,731.75,750.0,15597589,NFLX
2021-09-27,743.11,766.74,728.93,750.0,13347578,NFLX
2021-09-28,747.07,754.34,736.63,750.0,16960896,NFLX
2021-09-29,743.57,755.87,736.2,750.0,17228944,NFLX
2021-09-30,753.46,759.44,741.28,750.0,13104587,NFLX
2021-10-01,744.71,757.54,739.37,750.0,6423604,NFLX
2021-10-04,748.05,757.83,734.37,750.0,13897502,NFLX
2021-10-05,757.12,767.77,741.42,750.0,4844348,NFLX
2021-10-06,744.68,753.63,727.64,750.0,3759848,NFLX
2021-10-07,750.14,763.34,738.7,750.0,10100282,NFLX
2021-10-08,748.55,753.77,743.31,750.0,21369239,NFLX
2021-10-11,741.33,756.34,735.13,750.0,22070532,NFLX
2021-10-12,755.27,765.15,749.08,750.0,12181252,NFLX
2021-10-13,742.24,765.09,728.64,750.0,4539152,NFLX
2021-10-14,749.54,764.06,739.76,750.0,20601053,NFLX
2021-10-15,751.09,763.48,737.18,750.0,20133656,NFLX
2021-10-18,752.31,755.88,739.18,750.0,3841618,NFLX
2021-10-19,753.4,764.04,746.68,750.0,12350351,NFLX
2021-10-20,745.56,752.32,739.16,750.0,19235407,NFLX
2021-10-21,741.18,757.54,738.35,750.0,7729124,NFLX
2021-10-22,754.02,762.26,734.91,750.0,20812556,NFLX
2021-10-25,750.64,752.11,746.97,750.0,14750687,NFLX
2021-10-26,756.05,761.78,732.33,750.0,11366126,NFLX
2021-10-27,755.78,773.88,747.24,750.0,3103021,NFLX
2021-10-28,756.18,774.24,737.17,750.0,21788778,NFLX
2021-10-29,749.73,757.09,736.65,750.0,11388817,NFLX
2021-11-01,747.01,751.53,737.51,750.0,58001798,NFLX
2021-11-02,755.25,759.25,748.18,750.0,23583843,NFLX
2021-11-03,749.12,757.81,731.25,750.0,22680777,NFLX
2021-11-04,744.3,767.81,731.99,750.0,19118940,NFLX
2021-11-05,756.39,759.71,746.67,750.0,13847492,NFLX
2021-11-08,756.89,771.51,738.38,750.0,16962316,NFLX
2021-11-09,749.39,752.71,734.24,750.0,8473024,NFLX
2021-11-10,742.36,768.41,731.37,750.0,3216194,NFLX
2021-11-11,747.98,757.62,736.2,750.0,5454082,NFLX
2021-11-12,755.46,770.28,747.73,750.0,9474467,NFLX
2021-11-15,757.23,764.22,744.96,750.0,6597326,NFLX
2021-11-16,744.66,762.05,735.07,750.0,13584422,NFLX
2021-11-17,742.21,754.21,741.26,750.0,24634378,NFLX
2021-11-18,756.79,760.2,739.62,750.0,18596347,NFLX
2021-11-19,748.01,767.64,730.35,750.0,9664677,NFLX
2021-11-22,750.75,768.04,735.97,750.0,4034023,NFLX
2021-11-23,758.43,775.34,739.1,750.0,11177088,NFLX
2021-11-24,742.2,762.01,726.44,750.0,11782153,NFLX
2021-11-25,752.67,768.02,748.31,750.0,20077979,NFLX
2021-11-26,742.33,751.99,737.44,750.0,6849182,NFLX
2021-11-29,747.76,756.78,733.88,750.0,21341674,NFLX
2021-11-30,755.47,761.91,741.88,750.0,10919584,NFLX
2021-12-01,748.8,762.19,743.05,750.0,7242154,NFLX
2021-12-02,758.95,766.19,748.19,750.0,4577586,NFLX
2021-12-03,751.06,754.49,747.12,750.0,7474220,NFLX
2021-12-06,746.78,761.49,737.35,750.0,11736857,NFLX
2021-12-07,744.96,765.41,740.19,750.0,3986275,NFLX
2021-12-08,747.31,757.63,738.71,750.0,19410707,NFLX
2021-12-09,747.71,753.13,738.93,750.0,4410124,NFLX
2021-12-10,742.24,754.29,725.72,750.0,22309216,NFLX
2021-12-13,747.65,755.02,731.22,750.0,6394020,NFLX
2021-12-14,749.36,756.15,740.15,750.0,12860685,NFLX
2021-12-15,754.01,766.4,736.09,750.0,20587802,NFLX
2021-12-16,752.82,764.43,731.63,750.0,19007949,NFLX
2021-12-17,753.76,767.1,744.26,750.0,12817539,NFLX
2021-12-20,741.15,757.28,723.2,750.0,21377042,NFLX
2021-12-21,744.92,765.58,736.94,750.0,21125699,NFLX
2021-12-22,752.91,757.35,740.96,750.0,15699101,NFLX
2021-12-23,749.71,759.19,748.4,750.0,3981598,NFLX
2021-12-24,741.1,765.17,731.18,750.0,23820190,NFLX
2021-12-27,755.48,759.5,732.39,750.0,12348148,NFLX
2021-12-28,754.91,757.66,741.18,750.0,14576635,NFLX
2021-12-29,750.87,767.55,746.39,750.0,11420149,NFLX
2021-12-30,742.2,756.92,741.4,750.0,19064329,NFLX
2021-12-31,754.8,767.94,739.0,750.0,11864367,NFLX
2022-01-03,751.51,752.72,737.02,750.0,5844510,NFLX
2022-01-04,755.08,768.34,747.57,750.0,7323492,NFLX
2022-01-05,754.53,761.01,734.69,750.0,19985366,NFLX
2022-01-06,755.45,757.22,742.33,750.0,22350554,NFLX
2022-01-07,750.32,762.06,738.55,750.0,4858777,NFLX
2022-01-10,743.53,755.08,725.67,750.0,9510529,NFLX
2022-01-11,753.08,760.83,737.5,750.0,20257836,NFLX
2022-01-12,752.17,754.38,736.02,750.0,7935500,NFLX
2022-01-13,754.36,757.78,743.6,750.0,7863099,NFLX
2022-01-14,744.06,756.11,742.4,750.0,7919314,NFLX
2022-01-17,744.51,752.37,730.69,750.0,4122207,NFLX
2022-01-18,757.03,774.33,745.86,750.0,22468143,NFLX
2022-01-19,754.5,755.36,732.25,750.0,22813340,NFLX
2022-01-20,757.35,766.9,740.94,750.0,3427557,NFLX
2022-01-21,754.66,757.64,732.52,750.0,13204207,NFLX
2022-01-24,751.75,758.05,748.06,750.0,14586122,NFLX
2022-01-25,752.77,770.26,745.04,750.0,21942672,NFLX
2022-01-26,757.0,760.7,743.09,750.0,20142966,NFLX
2022-01-27,751.42,769.59,746.08,750.0,49665310,NFLX
2022-01-28,752.38,756.85,742.91,750.0,17276714,NFLX
2022-01-31,743.82,764.1,742.52,750.0,10767227,NFLX
2022-02-01,749.53,760.59,743.64,750.0,20261319,NFLX
2022-02-02,753.9,770.65,747.89,750.0,5152259,NFLX
2022-02-03,745.88,760.72,736.49,750.0,6390919,NFLX
2022-02-04,744.64,760.37,728.12,750.0,13093704,NFLX
2022-02-07,746.65,754.27,737.45,750.0,10031119,NFLX
2022-02-08,745.35,753.74,728.98,750.0,7455237,NFLX
2022-02-09,744.87,767.25,736.84,750.0,8871348,NFLX
2022-02-10,748.65,756.65,738.6,750.0,5379220,NFLX
2022-02-11,757.34,764.86,742.46,750.0,6519065,NFLX
2022-02-14,750.13,764.56,731.43,750.0,4784210,NFLX
2022-02-15,744.38,756.85,729.25,750.0,8198363,NFLX
2022-02-16,742.39,767.89,732.58,750.0,10341127,NFLX
2022-02-17,753.53,767.63,748.36,750.0,5463501,NFLX
2022-02-18,747.89,761.5,736.08,750.0,12417327,NFLX
2022-02-21,755.79,772.53,738.89,750.0,12975595,NFLX
2022-02-22,752.87,754.52,744.11,750.0,5819127,NFLX
2022-02-23,755.33,760.75,742.12,750.0,9779865,NFLX
2022-02-24,745.9,759.12,732.6,750.0,8026014,NFLX
2022-02-25,753.46,758.32,738.64,750.0,21710135,NFLX
2022-02-28,745.75,764.14,731.01,750.0,13537759,NFLX
2022-03-01,757.9,775.38,748.64,750.0,13254769,NFLX
2022-03-02,752.45,760.86,733.6,750.0,18565219,NFLX
2022-03-03,746.84,756.91,734.84,750.0,11731896,NFLX
2022-03-04,745.85,768.06,727.67,750.0,5002507,NFLX
2022-03-07,744.44,758.76,729.79,750.0,5652808,NFLX
2022-03-08,753.5,763.1,745.3,750.0,15260515,NFLX
2022-03-09,744.94,757.08,729.91,750.0,16692648,NFLX
2022-03-10,751.72,768.88,732.69,750.0,17952923,NFLX
2022-03-11,745.76,760.99,735.61,750.0,19203557,NFLX
2022-03-14,752.92,767.44,731.43,750.0,24554592,NFLX
2022-03-15,755.67,771.15,732.78,750.0,13877097,NFLX
2022-03-16,755.0,761.95,745.79,750.0,21135509,NFLX
2022-03-17,754.7,763.31,745.14,750.0,4911128,NFLX
2022-03-18,744.38,766.02,742.12,750.0,7756497,NFLX
2022-03-21,742.59,757.29,739.26,750.0,8133381,NFLX
2022-03-22,753.58,768.69,743.55,750.0,23563281,NFLX
2022-03-23,747.63,767.69,729.88,750.0,7848243,NFLX
2022-03-24,748.78,761.97,744.13,750.0,22202574,NFLX
2022-03-25,741.56,764.1,738.07,750.0,15132015,NFLX
2022-03-28,745.67,765.24,741.33,750.0,10645639,NFLX
2022-03-29,741.61,765.96,732.12,750.0,6917430,NFLX
2022-03-30,756.83,764.76,735.44,750.0,13240187,NFLX
2022-03-31,745.38,751.67,741.87,750.0,16628984,NFLX
2022-04-01,751.03,759.03,744.34,750.0,21882993,NFLX
2022-04-04,741.7,762.88,740.62,750.0,8544223,NFLX
2022-04-05,753.0,761.9,734.05,750.0,15992054,NFLX
2022-04-06,746.81,764.23,732.19,750.0,22167730,NFLX
2022-04-07,757.16,764.41,735.06,750.0,8942712,NFLX
2022-04-08,756.99,769.27,745.52,750.0,4171758,NFLX
2022-04-11,746.86,754.11,731.53,750.0,15079190,NFLX
2022-04-12,757.22,771.59,732.45,750.0,19702269,NFLX
2022-04-13,758.93,769.63,749.22,750.0,8276085,NFLX
2022-04-14,755.86,760.32,731.7,750.0,10185180,NFLX
2022-04-15,756.21,762.26,746.28,750.0,20719855,NFLX
2022-04-18,745.48,764.22,733.38,750.0,11023556,NFLX
2022-04-19,751.38,760.83,746.4,750.0,16932194,NFLX
2022-04-20,742.21,754.64,733.53,750.0,12899510,NFLX
2022-04-21,742.71,768.16,740.21,750.0,24948882,NFLX
2022-04-22,758.98,772.77,747.92,750.0,14138188,NFLX
2022-04-25,746.88,767.98,728.37,750.0,15685449,NFLX
2022-04-26,754.47,762.96,732.61,750.0,34615171,NFLX
2022-04-27,755.52,764.89,735.76,750.0,21057496,NFLX
2022-04-28,756.44,773.5,743.3,750.0,22627526,NFLX
2022-04-29,758.96,769.28,747.24,750.0,23793005,NFLX
2022-05-02,745.35,763.48,734.94,750.0,7986518,NFLX
2022-05-03,741.73,755.29,733.99,750.0,6727661,NFLX
2022-05-04,748.4,758.79,733.08,750.0,13064981,NFLX
2022-05-05,743.34,752.97,739.12,750.0,4279372,NFLX
2022-05-06,741.4,754.46,740.08,750.0,7095228,NFLX
2022-05-09,747.49,750.77,733.62,750.0,17172928,NFLX
2022-05-10,755.11,756.57,740.16,750.0,8767034,NFLX
2022-05-11,751.19,769.56,732.8,750.0,11837010,NFLX
2022-05-12,746.63,755.11,737.98,750.0,5449851,NFLX
2022-05-13,752.78,765.51,740.3,750.0,9507552,NFLX
2022-05-16,745.18,765.85,729.13,750.0,11670441,NFLX
2022-05-17,741.26,760.66,730.59,750.0,19434690,NFLX
2022-05-18,754.76,758.29,737.26,750.0,21313050,NFLX
2022-05-19,752.23,766.12,740.64,750.0,5442547,NFLX
2022-05-20,754.72,766.35,741.79,750.0,4236968,NFLX
2022-05-23,741.7,763.91,723.31,750.0,6078882,NFLX
2022-05-24,756.07,770.79,744.95,750.0,21298309,NFLX
2022-05-25,752.15,770.51,744.08,750.0,4988022,NFLX
2022-05-26,751.14,762.23,737.84,750.0,8281592,NFLX
2022-05-27,752.24,759.16,732.2,750.0,19040416,NFLX
2022-05-30,756.56,769.09,744.84,750.0,19273406,NFLX
2022-05-31,751.56,753.55,748.44,750.0,6193796,NFLX
2022-06-01,751.46,768.39,735.57,750.0,11482216,NFLX
2022-06-02,758.83,761.77,737.07,750.0,14668300,NFLX
2022-06-03,754.62,761.31,734.56,750.0,6049307,NFLX
2022-06-06,748.96,765.43,740.61,750.0,15911389,NFLX
2022-06-07,753.73,765.29,734.04,750.0,5801818,NFLX
2022-06-08,748.01,757.84,735.7,750.0,23822937,NFLX
2022-06-09,745.12,759.27,738.96,750.0,21640248,NFLX
2022-06-10,751.74,767.91,741.33,750.0,7944614,NFLX
2022-06-13,757.71,764.65,738.21,750.0,10852016,NFLX
2022-06-14,757.72,774.3,738.81,750.0,10870267,NFLX
2022-06-15,747.15,752.34,738.56,750.0,22867025,NFLX
2022-06-16,750.5,765.24,731.36,750.0,10819488,NFLX
2022-06-17,744.81,766.01,727.59,750.0,17413367,NFLX
2022-06-20,758.92,762.99,747.11,750.0,16463582,NFLX
2022-06-21,758.66,767.25,732.65,750.0,4378148,NFLX
2022-06-22,752.69,756.43,743.97,750.0,6044410,NFLX
2022-06-23,755.48,769.05,747.81,750.0,18005563,NFLX
2022-06-24,753.87,764.31,736.12,750.0,16045088,NFLX
2022-06-27,751.68,763.89,737.92,750.0,23839334,NFLX
2022-06-28,741.96,754.29,733.54,750.0,3238826,NFLX
2022-06-29,749.19,754.56,746.31,750.0,21494570,NFLX
2022-06-30,753.15,754.65,748.2,750.0,15290015,NFLX
2022-07-01,753.2,759.77,744.56,750.0,3481809,NFLX
2022-07-04,747.72,760.83,730.58,750.0,11262369,NFLX
2022-07-05,757.95,774.31,743.29,750.0,21595398,NFLX
2022-07-06,744.01,762.75,732.74,750.0,7367209,NFLX
2022-07-07,750.01,758.59,739.72,750.0,11782389,NFLX
2022-07-08,753.44,771.42,732.13,750.0,16649890,NFLX
2022-07-11,753.55,767.31,734.69,750.0,22466506,NFLX
2022-07-12,752.68,770.23,745.48,750.0,3037180,NFLX
2022-07-13,745.96,760.25,735.43,750.0,10546691,NFLX
2022-07-14,743.81,755.41,730.6,750.0,8611544,NFLX
2022-07-15,752.45,754.15,738.16,750.0,5251347,NFLX
2022-07-18,751.79,765.64,746.63,750.0,7792030,NFLX
2022-07-19,744.23,752.93,739.0,750.0,16218691,NFLX
2022-07-20,753.69,759.92,736.15,750.0,22397109,NFLX
2022-07-21,749.19,760.33,732.58,750.0,9702245,NFLX
2022-07-22,753.02,763.97,735.79,750.0,92111239,NFLX
2022-07-25,756.07,767.73,747.82,750.0,11745662,NFLX
2022-07-26,744.06,753.74,735.84,750.0,13891264,NFLX
2022-07-27,741.34,757.59,732.3,750.0,21659202,NFLX
2022-07-28,755.02,766.96,741.99,750.0,20767140,NFLX
2022-07-29,751.97,770.23,737.84,750.0,21742845,NFLX
2022-08-01,753.59,767.51,745.78,750.0,14217215,NFLX
2022-08-02,756.09,773.58,740.67,750.0,4103248,NFLX
2022-08-03,755.45,770.03,733.35,750.0,13023293,NFLX
2022-08-04,758.3,769.82,733.57,750.0,11210125,NFLX
2022-08-05,750.65,754.86,740.91,750.0,24040744,NFLX
2022-08-08,749.79,762.75,747.9,750.0,12418530,NFLX
2022-08-09,748.23,761.97,735.07,750.0,11623353,NFLX
2022-08-10,743.77,761.59,740.69,750.0,17734860,NFLX
2022-08-11,751.31,760.89,745.0,750.0,23360866,NFLX
2022-08-12,745.99,760.27,731.77,750.0,19114561,NFLX
2022-08-15,757.58,764.42,731.9,750.0,5363319,NFLX
2022-08-16,751.5,761.62,733.08,750.0,4818222,NFLX
2022-08-17,751.67,755.99,744.36,750.0,11199423,NFLX
2022-08-18,747.39,765.24,732.29,750.0,20340722,NFLX
2022-08-19,741.94,754.09,730.0,750.0,10834767,NFLX
2022-08-22,741.57,752.28,731.96,750.0,11904337,NFLX
2022-08-23,748.62,758.6,742.94,750.0,8472646,NFLX
2022-08-24,742.52,762.6,725.98,750.0,8045416,NFLX
2022-08-25,751.92,760.57,738.56,750.0,14501800,NFLX
2022-08-26,756.86,762.64,739.98,750.0,3354182,NFLX
2022-08-29,756.89,767.79,740.98,750.0,8142798,NFLX
2022-08-30,752.86,759.89,745.98,750.0,5640955,NFLX
2022-08-31,744.8,767.54,729.25,750.0,22275218,NFLX
2022-09-01,756.53,774.04,745.79,750.0,17888170,NFLX
2022-09-02,756.95,766.83,743.72,750.0,13431140,NFLX
2022-09-05,744.54,756.65,735.86,750.0,5916585,NFLX
2022-09-06,754.27,768.37,743.84,750.0,21351471,NFLX
2022-09-07,746.16,751.41,734.88,750.0,10012022,NFLX
2022-09-08,755.45,764.81,733.74,750.0,23556620,NFLX
2022-09-09,758.95,765.84,743.23,750.0,18284072,NFLX
2022-09-12,741.54,767.32,732.34,750.0,8910122,NFLX
2022-09-13,757.15,758.13,742.76,750.0,16482486,NFLX
2022-09-14,752.21,762.94,737.33,750.0,5769785,NFLX
2022-09-15,758.52,772.76,747.57,750.0,6514078,NFLX
2022-09-16,749.37,759.48,741.2,750.0,15104271,NFLX
2022-09-19,756.25,758.56,732.79,750.0,8963132,NFLX
2022-09-20,742.12,768.25,731.58,750.0,22441335,NFLX
2022-09-21,747.04,760.07,741.92,750.0,12699755,NFLX
2022-09-22,742.21,761.81,737.8,750.0,19480952,NFLX
2022-09-23,758.56,763.62,740.15,750.0,19644741,NFLX
2022-09-26,755.71,765.23,747.36,750.0,21875167,NFLX
2022-09-27,756.35,764.89,736.07,750.0,16949291,NFLX
2022-09-28,757.88,760.0,738.64,750.0,4579889,NFLX
2022-09-29,742.53,752.66,739.98,750.0,11927377,NFLX
2022-09-30,747.94,765.82,745.33,750.0,3287555,NFLX
2022-10-03,742.28,755.07,735.94,750.0,6775944,NFLX
2022-10-04,744.79,754.26,741.53,750.0,5744454,NFLX
2022-10-05,745.13,759.84,728.09,750.0,17046471,NFLX
2022-10-06,749.44,764.59,746.27,750.0,16097023,NFLX
2022-10-07,745.83,751.87,732.93,750.0,6197418,NFLX
2022-10-10,742.82,761.13,727.43,750.0,14509800,NFLX
2022-10-11,744.01,752.9,729.69,750.0,5788647,NFLX
2022-10-12,743.65,751.41,732.52,750.0,9224898,NFLX
2022-10-13,758.52,760.23,735.77,750.0,9378384,NFLX
2022-10-14,754.67,770.53,737.02,750.0,21347713,NFLX
2022-10-17,758.42,761.33,733.68,750.0,20511374,NFLX
2022-10-18,748.92,751.56,735.52,750.0,22469421,NFLX
2022-10-19,746.01,758.63,737.61,750.0,87334528,NFLX
2022-10-20,755.37,771.43,739.2,750.0,11276869,NFLX
2022-10-21,746.87,755.47,734.42,750.0,22256345,NFLX
2022-10-24,746.39,758.34,741.1,750.0,20632650,NFLX
2022-10-25,745.19,751.47,742.54,750.0,3308697,NFLX
2022-10-26,743.33,758.83,738.25,750.0,14799568,NFLX
2022-10-27,745.62,761.15,732.92,750.0,23493015,NFLX
2022-10-28,747.4,761.03,742.06,750.0,24496923,NFLX
2022-10-31,753.13,759.89,733.99,750.0,10279074,NFLX
2022-11-01,742.13,756.43,725.89,750.0,16306398,NFLX
2022-11-02,744.79,752.67,732.35,750.0,11461516,NFLX
2022-11-03,755.56,762.97,745.79,750.0,13030581,NFLX
2022-11-04,743.64,752.54,729.45,750.0,7203726,NFLX
2022-11-07,747.17,764.55,729.62,750.0,17854762,NFLX
2022-11-08,756.56,774.87,733.62,750.0,20619822,NFLX
2022-11-09,743.79,768.21,740.52,750.0,10377775,NFLX
2022-11-10,742.49,766.32,735.22,750.0,6871549,NFLX
2022-11-11,749.72,761.56,735.53,750.0,11839023,NFLX
2022-11-14,746.44,763.37,737.73,750.0,18333352,NFLX
2022-11-15,751.14,757.03,740.75,750.0,10724954,NFLX
2022-11-16,755.47,767.66,743.05,750.0,23476662,NFLX
2022-11-17,743.47,758.95,729.04,750.0,24000354,NFLX
2022-11-18,751.45,760.9,746.81,750.0,20325939,NFLX
2022-11-21,750.1,764.49,736.82,750.0,23010156,NFLX
2022-11-22,743.59,755.82,737.39,750.0,24550363,NFLX
2022-11-23,752.23,758.73,731.54,750.0,15597628,NFLX
2022-11-24,745.93,767.39,733.95,750.0,5885579,NFLX
2022-11-25,749.78,751.76,737.37,750.0,8912084,NFLX
2022-11-28,742.48,759.49,733.6,750.0,12080627,NFLX
2022-11-29,749.27,767.18,731.85,750.0,10355554,NFLX
2022-11-30,746.52,761.74,742.01,750.0,21217568,NFLX
2022-12-01,755.8,766.47,735.17,750.0,13297650,NFLX
2022-12-02,742.03,755.25,735.53,750.0,4877330,NFLX
2022-12-05,748.53,756.93,744.25,750.0,18009846,NFLX
2022-12-06,749.25,766.09,740.62,750.0,8082070,NFLX
2022-12-07,754.05,764.92,744.59,750.0,11943742,NFLX
2022-12-08,751.34,761.37,743.16,750.0,24831595,NFLX
2022-12-09,753.01,755.56,737.65,750.0,23924252,NFLX
2022-12-12,754.99,756.03,745.81,750.0,16918031,NFLX
2022-12-13,756.52,774.77,736.55,750.0,20825494,NFLX
2022-12-14,746.65,757.54,738.22,750.0,10035483,NFLX
2022-12-15,750.68,762.3,744.67,750.0,3123182,NFLX
2022-12-16,756.12,758.32,738.07,750.0,7242895,NFLX
2022-12-19,758.81,772.01,736.7,750.0,24995191,NFLX
2022-12-20,757.01,774.71,739.52,750.0,13847758,NFLX
2022-12-21,747.69,761.11,743.67,750.0,13413824,NFLX
2022-12-22,744.51,753.02,742.52,750.0,3164486,NFLX
2022-12-23,749.81,761.22,740.87,750.0,13082304,NFLX
2022-12-26,754.35,768.98,743.16,750.0,14220063,NFLX
2022-12-27,749.87,758.07,747.38,750.0,17410440,NFLX
2022-12-28,749.7,766.59,732.73,750.0,6846556,NFLX
2022-12-29,756.09,768.62,735.43,750.0,9259225,NFLX
2022-12-30,747.51,766.94,741.54,750.0,20512278,NFLX
